Station,Lon,Lat,Cruise,jd,Alk,pCO2,O2,DOC,FPOC,CPOC,NO3,TDN,FPON,CPON,PO4,TDP,FSS,CSS,pH,O18,DIC13,CPOC13,FPOC13,Si,Ca,Na,Mg,K,Cl,S,NtoP
Ano,-61.6169,-3.8189,Cruise 1,131,622,319,168,4.6,2.2,0.4,6.5,24.6,16.9,1.6,1,1.7,160,64,6.64,-8,NA,NA,NA,NA,284,113,52,30,386,23,6.5
Ano,-61.6169,-3.8189,Cruise 2,237,437,152,173,3.3,1.9,0.3,10.7,17.2,14.9,1,0.8,0.7,139,39,6.84,-6.2,-15.7,-28.3,-28,NA,191,157,39,22,72,NA,13.375
Ano,-61.6169,-3.8189,Cruise 3,340,642,92,169,2.8,3.8,1.2,18,20.2,27.7,3.6,0.8,1.1,376,105,7.19,-6.1,-12.6,-27.7,-27,NA,316,606,70,31,88,NA,22.5
Ano,-61.6169,-3.8189,Cruise 4,453,730,102,137,3.4,3.1,0.6,11.9,19.3,23.8,2,0.6,1.6,300,62,7.2,-4.8,-13.6,-28.4,-26.9,NA,344,148,65,25,83,NA,19.83333333
Ano,-61.6169,-3.8189,Cruise 5,551,607,223,127,3.8,2.3,0.4,8,19.8,20.2,1.7,0.7,1.2,165,51,6.78,-5.2,-15.8,-27.3,-28.1,154,246,140,48,21,201,NA,11.42857143
Ano,-61.6169,-3.8189,Cruise 6,673,512,65,189,2.5,2.7,0.5,17.1,25.3,21.4,1.8,1,1.2,213,41,7.22,-4,-13.5,-27.5,-27.4,150,210,171,44,17,75,NA,17.1
Ano,-61.6169,-3.8189,Cruise 7,785,655,149,168,3.9,3.3,0.6,12.8,25.1,25.3,2.2,0.8,1.9,295,77,6.99,-6,-13.3,-27.9,-26.8,131,290,138,61,23,81,NA,16
Ano,-61.6169,-3.8189,Cruise 8,933,583,176,126,2.9,1.3,0.3,8.6,24.7,10,1.2,0.7,1.4,121,47,6.87,-6.9,-15.8,-27.9,-27.8,141,245,101,53,27,140,NA,12.28571429
Ano,-61.6169,-3.8189,Cruise 9,1318,422,150,150,4.7,NA,NA,9.9,NA,NA,NA,0.8,NA,151,44,6.8,NA,NA,NA,NA,142,NA,NA,NA,NA,NA,NA,12.375
Ano,-61.6169,-3.8189,Cruise 11,NA,NA,NA,NA,NA,NA,NA,NA,NA,NA,NA,NA,NA,NA,NA,NA,NA,NA,NA,NA,NA,NA,NA,NA,NA,NA,NA,NA
Ano,-61.6169,-3.8189,Cruise 12,NA,NA,NA,NA,NA,NA,NA,NA,NA,NA,NA,NA,NA,NA,NA,NA,NA,NA,NA,NA,NA,NA,NA,NA,NA,NA,NA,NA
Ano,-61.6169,-3.8189,Cruise 13,NA,NA,NA,NA,NA,NA,NA,NA,NA,NA,NA,NA,NA,NA,NA,NA,NA,NA,NA,NA,NA,NA,NA,NA,NA,NA,NA,NA
Ita,-63.0171,-4.0491,Cruise 1,129,634,411,166,4.8,1.9,0.5,6.1,17.5,14.9,1.9,0.6,0.6,164,82,6.53,-8.2,NA,NA,NA,NA,286,94,54,31,361,23,10.16666667
Ita,-63.0171,-4.0491,Cruise 2,236,437,133,168,3.1,2.3,0.4,10.5,35,18.6,1.4,0.9,0.5,149,37,6.86,-6.1,-15.5,-28,-27.8,NA,186,143,38,27,75,NA,11.66666667
Ita,-63.0171,-4.0491,Cruise 3,339,675,104,167,3,3.7,0.9,18.2,21.3,28.9,2.9,0.9,0.9,371,90,7.16,-6,-12.5,-28.2,-27,NA,322,474,67,37,101,NA,20.22222222
Ita,-63.0171,-4.0491,Cruise 4,452,741,111,131,3.6,3.1,0.7,11.6,23.8,23.5,2,0.6,1.6,285,63,7.17,-4.9,-13.4,-28.4,-26.8,NA,340,147,63,25,81,NA,19.33333333
Ita,-63.0171,-4.0491,Cruise 5,550,610,211,126,3.7,2.5,0.5,8,20.7,21.3,2,0.7,1.2,171,59,6.81,-5.3,-15.7,-27.9,-27.9,148,252,140,51,22,152,NA,11.42857143
Ita,-63.0171,-4.0491,Cruise 6,672,451,59,192,2.7,2.3,0.4,14.5,23.5,19.3,1.6,1,1.3,189,32,7.23,-4,-13.6,-27.4,-27.5,150,217,163,48,17,85,NA,14.5
Ita,-63.0171,-4.0491,Cruise 7,784,644,128,166,4.1,3.4,0.4,12.6,25.1,26.7,1.9,0.7,1.3,311,65,7.05,-5.9,-18.9,-28,-27.1,133,297,148,60,23,108,NA,18
Ita,-63.0171,-4.0491,Cruise 8,932,568,174,126,3.1,1.6,0.3,9.2,26.3,11.9,1.1,0.7,1.5,134,48,6.86,-6.9,-15.6,-27.9,-27.8,137,262,130,55,25,94,NA,13.14285714
Ita,-63.0171,-4.0491,Cruise 9,1317,426,130,160,4.3,NA,NA,9.5,NA,NA,NA,0.7,NA,152,54,6.85,NA,NA,NA,NA,142,NA,NA,NA,NA,NA,NA,13.57142857
Ita,-63.0171,-4.0491,Cruise 11,2525,437,109,5,NA,3.3,0.4,8.9,NA,24.9,1.4,0.8,NA,251,58,6.94,NA,NA,NA,NA,376,NA,NA,NA,NA,NA,NA,11.125
Ita,-63.0171,-4.0491,Cruise 12,3041,579,231,128,5.2,2.1,1.4,9.2,NA,14.5,4.5,0.8,NA,159,76,6.74,NA,NA,NA,NA,139,NA,NA,NA,NA,NA,NA,11.5
Ita,-63.0171,-4.0491,Cruise 13,3525,525,147,NA,4,NA,NA,11.2,NA,NA,NA,0.9,NA,114,NA,6.93,NA,NA,NA,NA,157,NA,NA,NA,NA,NA,NA,12.44444444
Jutc,-64.2385,-3.6404,Cruise 1,127,668,291,164,5.4,2.5,0.5,10.1,28.7,16.2,2.1,0.7,1.6,175,87,6.71,-8.2,NA,NA,NA,NA,189,108,51,32,195,23,14.42857143
Jutc,-64.2385,-3.6404,Cruise 2,233,546,111,191,3.2,2,0.4,10.7,32.3,15,1.3,0.7,0.7,136,42,7.03,-6,-13.5,-28.9,-27.5,NA,198,163,40,23,87,NA,15.28571429
Jutc,-64.2385,-3.6404,Cruise 3,337,679,105,182,3.1,3.7,1.3,17.6,22.8,27.6,4.1,0.8,0.9,379,122,7.15,-6.1,-12.4,-27.8,-27.1,NA,311,573,67,31,97,NA,22
Jutc,-64.2385,-3.6404,Cruise 4,451,755,117,137,3.8,3.9,0.8,11.9,23.3,30.5,2.3,0.5,1.5,321,62,7.15,-4.9,-13.4,-28.1,-27,NA,356,154,64,26,79,NA,23.8
Jutc,-64.2385,-3.6404,Cruise 5,549,675,207,132,3.5,2.2,0.3,9.1,22.3,19.2,1.5,0.6,1,153,43,6.85,-5.4,-15.1,-28.1,-28,156,269,152,53,24,154,NA,15.16666667
Jutc,-64.2385,-3.6404,Cruise 6,670,551,64,194,3,2,0.7,15.9,25.1,17.2,2.9,1.1,1.5,184,62,6.53,-4.1,-13.2,-27.3,-26.7,160,210,141,45,16,78,NA,14.45454545
Jutc,-64.2385,-3.6404,Cruise 7,783,650,147,164,4,3.5,0.7,13.1,23.2,30.5,2.6,0.7,1.7,328,72,6.99,-5.9,-13.3,-27.6,-27.1,130,304,145,59,24,78,NA,18.71428571
Jutc,-64.2385,-3.6404,Cruise 8,930,635,149,144,2.8,1.4,0.4,9.9,23.3,10.7,1.5,0.8,1.5,126,61,6.97,-7.1,-14.8,-28.8,-27.9,149,250,37,56,28,73,NA,12.375
Jutc,-64.2385,-3.6404,Cruise 9,1316,504,140,170,4.1,NA,NA,10.1,NA,NA,NA,2,NA,155,52,6.99,NA,NA,NA,NA,151,NA,NA,NA,NA,NA,NA,5.05
Jutc,-64.2385,-3.6404,Cruise 11,2524,498,111,6,NA,3.2,0.7,14.5,NA,23.7,2.3,0.8,NA,251,64,6.99,NA,NA,NA,NA,145,NA,NA,NA,NA,NA,NA,18.125
Jutc,-64.2385,-3.6404,Cruise 12,NA,NA,NA,NA,4.5,NA,NA,NA,NA,NA,NA,NA,NA,NA,NA,NA,NA,NA,NA,NA,NA,NA,NA,NA,NA,NA,NA,NA
Jutc,-64.2385,-3.6404,Cruise 13,NA,NA,NA,NA,NA,NA,NA,NA,NA,NA,NA,NA,NA,NA,NA,NA,NA,NA,NA,NA,NA,NA,NA,NA,NA,NA,NA,NA
Man,-60.5677,-3.3303,Cruise 1,132,503,194,163,4.8,2.1,0.5,5.7,24.3,16.3,1.7,1.1,1.6,148,59,6.76,-7.9,NA,NA,NA,NA,240,95,46,31,50,19,5.181818182
Man,-60.5677,-3.3303,Cruise 2,238,426,167,150,3.2,1.1,0.2,10.6,14.1,8.4,0.8,0.5,0.6,105,24,6.75,-6,-16.1,-28.4,-28.1,NA,174,111,38,23,65,NA,21.2
Man,-60.5677,-3.3303,Cruise 3,341,638,90,172,3.1,3.3,0.7,18.7,25.5,25.7,2.3,0.9,1.3,351,66,7.2,-5.9,-12.7,-28.2,-27,NA,304,159,67,47,167,NA,20.77777778
Man,-60.5677,-3.3303,Cruise 4,454,664,101,128,4.1,2.8,0.5,11.3,25.6,21.4,1.6,0.6,1.7,259,50,7.15,-4.8,-13.8,-28,NA,NA,304,140,59,30,75,NA,18.83333333
Man,-60.5677,-3.3303,Cruise 5,552,577,247,101,4.3,2,0.4,7.7,21.4,17.9,1.6,0.7,1.3,146,45,6.74,-5.1,-16.1,-27.5,-28.1,158,224,129,45,21,140,NA,11
Man,-60.5677,-3.3303,Cruise 6,674,502,65,193,2.6,2.3,0.5,15.3,24.1,18.6,1.8,1.1,1.2,184,41,7.23,-3.9,-13.6,-27.4,-27.7,151,221,185,51,21,98,NA,13.90909091
Man,-60.5677,-3.3303,Cruise 7,786,604,149,163,3.8,2.9,0.5,13.5,22.9,24.6,2.1,0.7,1.4,287,58,6.95,-5.9,-16.1,-28.1,-27.2,135,258,150,56,24,60,NA,19.28571429
Man,-60.5677,-3.3303,Cruise 8,934,526,194,155,3.8,1.2,0.3,7.7,25.9,9.5,1.1,0.7,1.7,114,42,6.78,-6.9,-16.2,-28.2,-28.2,141,217,134,49,26,76,NA,11
Man,-60.5677,-3.3303,Cruise 9,1319,399,140,160,4.2,NA,NA,9.6,NA,NA,NA,0.9,NA,136,33,6.81,NA,NA,NA,NA,131,NA,NA,NA,NA,NA,NA,10.66666667
Man,-60.5677,-3.3303,Cruise 11,2528,443,114,6,4.4,2.6,0.5,15.8,NA,16.8,1.6,0.8,NA,230,39,6.94,NA,NA,NA,NA,148,NA,NA,NA,NA,NA,NA,19.75
Man,-60.5677,-3.3303,Cruise 12,3043,445,214,109,4.8,1.8,0.4,8.1,NA,13.8,1.4,0.8,NA,137,46,6.66,NA,NA,NA,NA,143,NA,NA,NA,NA,NA,NA,10.125
Man,-60.5677,-3.3303,Cruise 13,3529,426,147,NA,4.4,NA,NA,9.6,NA,NA,NA,0.9,NA,84,NA,6.81,NA,NA,NA,NA,160,NA,NA,NA,NA,NA,NA,10.66666667
Obi,-55.52,-1.9359,Cruise 1,NA,NA,NA,NA,NA,NA,NA,NA,NA,NA,NA,NA,NA,NA,NA,NA,NA,NA,NA,NA,NA,NA,NA,NA,NA,NA,NA,NA
Obi,-55.52,-1.9359,Cruise 2,248,315,171,151,4.1,2.4,0.3,9,15.9,17.5,1.4,0.5,0.9,145,43,6.61,-5.5,-16.3,NA,-27.3,NA,128,90,34,21,45,NA,18
Obi,-55.52,-1.9359,Cruise 3,347,550,94,183,3.1,2.2,0.2,18.9,22.6,19,0.9,0.7,1.3,238,11,7.13,-5.7,-12.9,-28.2,-26.7,NA,246,120,70,49,106,NA,27
Obi,-55.52,-1.9359,Cruise 4,467,546,117,128,3.2,2.6,0.4,11,22.4,21.4,1.4,1.1,1.5,254,31,7,-4.7,-15.2,-28.4,-26.7,NA,229,93,60,28,37,NA,10
Obi,-55.52,-1.9359,Cruise 5,561,422,194,144,4.5,2.4,0.3,9.2,25.2,20.2,1.5,0.9,1.2,188,28,6.68,-4.5,-16,-27.3,-27.5,139,158,105,40,24,148,NA,10.22222222
Obi,-55.52,-1.9359,Cruise 6,684,423,68,194,3.4,1.2,0.1,17.5,27.5,11.8,0.2,0.9,1.2,88,5,7.14,-3.6,-14,NA,-26.6,137,178,183,47,20,80,NA,19.44444444
Obi,-55.52,-1.9359,Cruise 7,795,434,165,165,4.4,3.3,0.4,14.1,23,29.6,1.7,0.5,1.5,345,40,6.76,-5.8,-14.8,-28.3,-27.3,122,NA,NA,NA,NA,NA,NA,28.2
Obi,-55.52,-1.9359,Cruise 8,944,387,202,127,3.8,1.7,0.4,7.9,26.1,11.6,1.5,0.6,1.2,148,47,6.62,-6.5,-17.7,-27.8,-27.9,120,140,109,39,23,41,NA,13.16666667
Obi,-55.52,-1.9359,Cruise 9,1329,277,140,150,5,NA,NA,NA,NA,NA,NA,NA,NA,62,10,6.64,NA,NA,NA,NA,NA,NA,NA,NA,NA,NA,NA,NA
Obi,-55.52,-1.9359,Cruise 11,2536,336,95,592,NA,1.3,0.1,13.7,NA,10.7,0.3,0.5,NA,122,9,6.89,NA,NA,NA,NA,143,NA,NA,NA,NA,NA,NA,27.4
Obi,-55.52,-1.9359,Cruise 12,3047,310,176,135,4.8,2,0.4,9.6,NA,15.8,1.7,0.9,NA,203,57,6.59,NA,NA,NA,NA,126,NA,NA,NA,NA,NA,NA,10.66666667
Obi,-55.52,-1.9359,Cruise 13,3539,293,142,NA,6.1,NA,NA,8.5,NA,NA,NA,0.5,NA,119,NA,6.66,NA,NA,NA,NA,130,NA,NA,NA,NA,NA,NA,17
Pau,-57.4402,-2.3962,Cruise 1,NA,NA,NA,NA,NA,NA,NA,NA,NA,NA,NA,NA,NA,NA,NA,NA,NA,NA,NA,NA,NA,NA,NA,NA,NA,NA,NA,NA
Pau,-57.4402,-2.3962,Cruise 2,246,301,154,138,4.1,1.8,0.3,9.3,17.9,13.1,1,0.5,0.3,129,20,6.64,-5.7,-16.8,-27.8,NA,NA,133,88,34,21,47,NA,18.6
Pau,-57.4402,-2.3962,Cruise 3,346,551,78,185,3.2,2.5,0.3,17.3,21,21.7,0.8,0.7,1.2,275,15,7.19,-5.8,-13,-28.2,-26.8,NA,243,99,65,36,79,NA,24.71428571
Pau,-57.4402,-2.3962,Cruise 4,462,564,119,125,3.3,2.6,0.3,10.8,23.8,21.5,0.9,0.6,1.8,279,29,7.02,-4.7,-14.7,-28,-26.7,NA,225,103,59,29,49,NA,18
Pau,-57.4402,-2.3962,Cruise 5,559,424,182,148,4.6,2.4,0.5,9.2,22.3,20.7,2.1,0.6,1.1,184,47,6.71,-4.6,-16.4,-27.3,-27.8,137,164,104,42,23,127,NA,15.33333333
Pau,-57.4402,-2.3962,Cruise 6,681,441,76,191,3.2,1,0.1,14.7,22.9,8.3,0.5,1,1.2,97,9,7.11,-3.7,-14.2,-27.8,-27.6,136,178,183,47,20,80,NA,14.7
Pau,-57.4402,-2.3962,Cruise 7,793,451,175,167,4.4,3.5,0.3,12.6,22.1,34.6,1.5,0.5,2.2,373,35,6.76,-6,-14.7,-28.3,-26.9,126,188,87,53,25,3,NA,25.2
Pau,-57.4402,-2.3962,Cruise 8,941,391,184,137,4.1,1.4,0.4,7.8,23,10.6,1.8,0.6,1.1,137,45,6.67,-6.4,-16.8,-27.7,-27.7,120,149,87,40,22,42,NA,13
Pau,-57.4402,-2.3962,Cruise 9,1324,291,140,160,5.4,NA,NA,8.7,NA,NA,NA,0.6,NA,139,52,6.66,NA,NA,NA,NA,120,NA,NA,NA,NA,NA,NA,14.5
Pau,-57.4402,-2.3962,Cruise 11,2533,343,118,6,NA,1.6,0.1,13.3,NA,12.5,0.4,0.6,NA,137,20,6.81,NA,NA,NA,NA,128,NA,NA,NA,NA,NA,NA,22.16666667
Pau,-57.4402,-2.3962,Cruise 12,NA,328,179,NA,NA,NA,NA,9.6,NA,NA,NA,0.7,NA,NA,NA,6.61,NA,NA,NA,NA,118,NA,NA,NA,NA,NA,NA,13.71428571
Pau,-57.4402,-2.3962,Cruise 13,NA,284,142,NA,6.4,NA,NA,7.1,NA,NA,NA,0.6,NA,NA,NA,6.65,NA,NA,NA,NA,134,NA,NA,NA,NA,NA,NA,11.83333333
RIca,-68.2089,-3.0356,Cruise 1,121,183,55,186,5.9,1,0.1,5.8,28.7,8.9,0.3,0.5,1.4,42,4,6.87,-8.9,NA,NA,NA,NA,42,25,13,14,59,7,11.6
RIca,-68.2089,-3.0356,Cruise 2,227,100,129,174,2.9,0.8,0.5,6.5,9.5,4.9,1.2,0.8,0.2,68,38,6.23,-5.7,-18.5,-29.3,-27.6,NA,28,43,12,14,10,NA,8.125
RIca,-68.2089,-3.0356,Cruise 3,332,105,110,208,3.6,1.5,0.1,9.9,23,13.4,0,0.5,0.6,94,3,6.36,-5.2,-20.2,-27.7,-26.9,NA,34,174,12,17,19,NA,19.8
RIca,-68.2089,-3.0356,Cruise 4,447,128,136,176,3.5,1.7,NA,10.1,18.3,14.9,0,0.2,1.4,88,2,6.31,-3.7,-19.6,NA,NA,NA,34,45,15,9,1,NA,50.5
RIca,-68.2089,-3.0356,Cruise 5,544,154,263,174,4.1,1.7,0.3,6.7,22.7,17.2,1.3,0.6,1.1,71,16,6.11,-5.4,-20.5,-29.2,-29.1,116,40,47,16,13,85,NA,11.16666667
RIca,-68.2089,-3.0356,Cruise 6,665,119,84,193,2.8,1.8,0.3,9.4,28.4,15.5,1.2,0.6,0.8,99,22,6.5,-3.6,-18.7,-28.5,-28.2,111,32,37,13,7,3,NA,15.66666667
RIca,-68.2089,-3.0356,Cruise 7,777,84,172,186,3.6,1.4,0.2,6.6,19,12.6,0.7,0.4,1.6,63,5,6.03,-5.6,-20.3,-28.2,-28.8,103,31,72,12,15,45,NA,16.5
RIca,-68.2089,-3.0356,Cruise 8,924,83,97,184,2.7,1,0.2,7.4,20.6,7.7,0.6,0.2,1.3,65,7,6.28,-6.5,-20.5,-28.8,-29,107,35,43,17,12,1,NA,37
RIca,-68.2089,-3.0356,Cruise 9,1310,103,120,170,3.8,NA,NA,7,NA,NA,NA,0.5,NA,120,44,6.28,NA,NA,NA,NA,120,NA,NA,NA,NA,NA,NA,14
RIca,-68.2089,-3.0356,Cruise 11,NA,NA,NA,NA,NA,NA,NA,NA,NA,NA,NA,NA,NA,NA,NA,NA,NA,NA,NA,NA,NA,NA,NA,NA,NA,NA,NA,NA
RIca,-68.2089,-3.0356,Cruise 12,3033,54,164,123,3.5,1.5,0.2,5,NA,13,0.8,0.3,NA,67,6,6.04,NA,NA,NA,NA,71,NA,NA,NA,NA,NA,NA,16.66666667
RIca,-68.2089,-3.0356,Cruise 13,3517,153,121,NA,3.4,NA,NA,5.5,NA,NA,NA,0.5,NA,134,NA,6.45,NA,NA,NA,NA,133,NA,NA,NA,NA,NA,NA,11
RJap,-65.6901,-1.8161,Cruise 1,126,181,113,196,3.6,1.5,1.2,6.9,15.4,12.6,0.4,0.2,0.9,55,2,NA,-8.9,NA,NA,NA,NA,NA,NA,NA,NA,NA,NA,34.5
RJap,-65.6901,-1.8161,Cruise 2,232,100,141,177,3.4,1.9,0.2,8.3,19.1,13.9,0.8,0.4,0.8,46,4,NA,-5.3,NA,NA,NA,NA,NA,NA,NA,NA,NA,NA,20.75
RJap,-65.6901,-1.8161,Cruise 3,336,46,27,223,2.3,1.3,0.3,9.1,16.3,11,1.2,0.4,0.8,63,11,NA,-4.1,NA,NA,NA,NA,NA,NA,NA,NA,NA,NA,22.75
RJap,-65.6901,-1.8161,Cruise 4,450,225,84,176,4.2,1.1,NA,8.6,17.6,11,0,0.1,1.2,51,NA,6.78,-3.8,-15.4,NA,-29,NA,102,69,23,15,22,NA,86
RJap,-65.6901,-1.8161,Cruise 5,548,141,252,177,3.4,1.9,0.2,8.3,19.9,13.9,0.8,0.4,0.8,46,4,6.1,-5.3,-20.3,-28.7,-28.1,98,41,42,12,10,76,NA,20.75
RJap,-65.6901,-1.8161,Cruise 6,670,46,27,223,2.3,1.3,0.3,9.1,16.3,11,1.2,0.4,0.8,63,11,6.47,-4.1,-16.7,NA,-26.8,104,33,53,11,13,3,NA,22.75
RJap,-65.6901,-1.8161,Cruise 7,781,181,113,196,3.6,1.5,1.2,6.9,15.4,12.6,0.4,0.2,1,55,2,6.53,-5,-15.3,-28.8,-28.8,91,64,87,18,14,42,NA,34.5
RJap,-65.6901,-1.8161,Cruise 8,927,94,226,170,3.9,1,0.2,6.2,27.9,8.2,0.6,0.2,1.1,40,3,5.94,-6.6,-21.1,-29.3,-27.2,87,27,44,12,10,17,NA,31
RJap,-65.6901,-1.8161,Cruise 9,1314,69,150,150,4,NA,NA,5,NA,NA,NA,0.5,NA,38,36,6.09,NA,NA,NA,NA,99,NA,NA,NA,NA,NA,NA,10
RJap,-65.6901,-1.8161,Cruise 11,2521,108,86,7,NA,1.8,0.3,10.3,NA,14,0.6,0.2,NA,74,9,6.4,NA,NA,NA,NA,93,NA,NA,NA,NA,NA,NA,51.5
RJap,-65.6901,-1.8161,Cruise 12,3036,110,90,178,3.9,1.1,0.1,3.7,NA,9.9,0.4,0.4,NA,41,1,6.43,NA,NA,NA,NA,97,NA,NA,NA,NA,NA,NA,9.25
RJap,-65.6901,-1.8161,Cruise 13,3522,96,217,NA,4.1,NA,NA,4.7,NA,NA,NA,0.3,NA,52,NA,5.99,NA,NA,NA,NA,100,NA,NA,NA,NA,NA,NA,15.66666667
RJur,-65.8056,-2.7206,Cruise 1,125,534,152,132,6.9,0.8,0.2,6.7,25.5,9.2,0.5,0.8,0.8,46,14,6.89,-7.4,NA,NA,NA,NA,217,112,61,29,41,NA,8.375
RJur,-65.8056,-2.7206,Cruise 2,231,566,100,177,3,1.3,0.1,17.6,27.1,13.6,0,0.6,0.8,117,2,7.4,-4.7,-14.2,-32.4,-27.5,NA,410,213,88,39,16,NA,29.33333333
RJur,-65.8056,-2.7206,Cruise 3,335,714,104,178,4.7,2.6,0.2,22.8,25,26.1,0.5,1,0.9,400,3,7.18,-4.2,-14.6,-27.5,-27.4,NA,288,99,65,43,14,NA,22.8
RJur,-65.8056,-2.7206,Cruise 4,449,604,196,82,5.4,1.3,0.3,4.1,22.4,12.8,1.1,0.5,1.8,122,51,6.83,-3.8,-17.8,-28.5,-28.2,NA,230,83,55,32,3,NA,8.2
RJur,-65.8056,-2.7206,Cruise 5,547,826,289,103,3.3,1.6,NA,19.7,27.2,17.8,0,0.9,1.3,186,NA,6.8,-4.1,-19.9,-29.7,-29.2,204,282,129,67,33,86,NA,21.88888889
RJur,-65.8056,-2.7206,Cruise 6,669,756,69,179,3.4,1.2,NA,11.4,20.5,14.3,0,0.6,1.1,66,1,7.39,-4.3,-13.5,NA,NA,204,497,261,118,39,38,NA,19
RJur,-65.8056,-2.7206,Cruise 7,780,555,227,132,6.5,2.5,0.2,13.8,29.2,23.1,0.7,0.6,2.1,270,20,6.66,-5.3,-19.9,-28.7,-27.7,169,214,126,46,31,14,NA,23
RJur,-65.8056,-2.7206,Cruise 8,926,566,242,113,3.5,1.1,0.1,8.2,33.2,9.5,0.4,0.9,1.6,121,8,6.8,-6.3,-16.7,-28.5,-29.5,184,231,137,59,32,17,NA,9.111111111
RJur,-65.8056,-2.7206,Cruise 9,1313,850,110,170,3.5,NA,NA,16.5,NA,NA,NA,0.8,NA,150,1,7.24,NA,NA,NA,NA,213,NA,NA,NA,NA,NA,NA,20.625
RJur,-65.8056,-2.7206,Cruise 11,2520,492,143,5,NA,1.4,0,20.3,NA,13.9,0,0.5,NA,112,NA,6.88,NA,NA,NA,NA,182,NA,NA,NA,NA,NA,NA,40.6
RJur,-65.8056,-2.7206,Cruise 12,3035,462,314,83,6,1.1,0.5,3.2,NA,9.2,1.4,0.8,NA,89,11,6.51,NA,NA,NA,NA,164,NA,NA,NA,NA,NA,NA,4
RJur,-65.8056,-2.7206,Cruise 13,3521,1241,112,NA,3.3,NA,NA,20.2,NA,NA,NA,0.8,NA,131,NA,7.39,NA,NA,NA,NA,258,NA,NA,NA,NA,NA,NA,25.25
RJut,-67.0204,-2.8033,Cruise 1,124,178,252,59,5.4,0.9,0,1.6,20.6,7.9,0.2,0.6,0.5,11,2,6.19,-8.2,NA,NA,NA,NA,100,44,19,17,110,8,2.666666667
RJut,-67.0204,-2.8033,Cruise 2,229,93,138,71,4.2,0.1,NA,1.5,16.4,1.1,0.1,0.5,0.9,10,2,6.17,-4.5,-19.4,NA,NA,NA,30,55,10,19,109,NA,3
RJut,-67.0204,-2.8033,Cruise 3,334,94,301,126,5.7,0.7,NA,0.8,20.5,7,0,0.1,0.3,25,1,5.48,-3.9,-23.5,NA,NA,NA,1,41,7,19,32,NA,8
RJut,-67.0204,-2.8033,Cruise 4,448,60,445,55,6,1.4,NA,1.5,23.9,13.6,0,0,1.2,20,NA,5.48,-3.8,-24,NA,NA,NA,33,35,10,9,7,NA,NA
RJut,-67.0204,-2.8033,Cruise 5,545,78,455,71,5.1,0.8,NA,0.9,17.8,8.5,0,0.4,0.8,14,NA,5.58,-4,-23.5,-30.4,-33.8,150,67,64,16,15,104,NA,2.25
RJut,-67.0204,-2.8033,Cruise 6,667,85,93,215,5,0.8,NA,2,27.5,7.4,0,0.3,0.8,32,NA,6.31,-3.3,-17.7,-28.2,NA,156,17,62,8,15,11,NA,6.666666667
RJut,-67.0204,-2.8033,Cruise 7,779,27,388,59,6.3,0.9,NA,1.4,21.8,9,0,0.3,1.6,14,NA,5.19,-5.7,-25.4,-28.8,NA,98,16,43,7,16,31,NA,4.666666667
RJut,-67.0204,-2.8033,Cruise 8,925,29,155,67,3.5,0.9,NA,2,25.7,9.6,0,0.1,1,10,NA,5.6,-5.6,-24.2,-28.8,NA,134,53,190,2,16,28,NA,20
RJut,-67.0204,-2.8033,Cruise 9,1312,33,70,170,4.1,NA,NA,3,NA,NA,NA,0.6,NA,35,1,5.97,NA,NA,NA,NA,144,NA,NA,NA,NA,NA,NA,5
RJut,-67.0204,-2.8033,Cruise 11,2518,132,430,5,5.3,0.1,0.4,6.1,NA,1.2,3.1,0,NA,39,1,5.74,NA,NA,NA,NA,122,NA,NA,NA,NA,NA,NA,NA
RJut,-67.0204,-2.8033,Cruise 12,3034,10,NA,76,4.1,1.3,0,1.5,NA,14.5,NA,0.2,NA,15,0,5.77,NA,NA,NA,NA,110,NA,NA,NA,NA,NA,NA,7.5
RJut,-67.0204,-2.8033,Cruise 13,3519,127,106,NA,3.2,NA,NA,0.6,NA,NA,NA,0.3,NA,27,NA,6.42,NA,NA,NA,NA,194,NA,NA,NA,NA,NA,NA,2
RMad,-58.7951,-3.4494,Cruise 1,NA,NA,NA,NA,NA,NA,NA,NA,NA,NA,NA,NA,NA,NA,NA,NA,NA,NA,NA,NA,NA,NA,NA,NA,NA,NA,NA,NA
RMad,-58.7951,-3.4494,Cruise 2,245,446,91,205,3.2,1,NA,12.8,19.1,11.3,0,0.3,0.3,79,1,7.04,-5.5,-13.6,-26.3,NA,NA,155,113,85,38,24,NA,42.66666667
RMad,-58.7951,-3.4494,Cruise 3,345,416,104,209,2.9,4.4,0.4,17.5,22.3,46.4,1.8,0.6,2.9,619,58,6.95,-6.9,-13.7,-27.8,-26.1,NA,163,372,85,48,75,NA,29.16666667
RMad,-58.7951,-3.4494,Cruise 4,461,327,156,121,3.2,5,1.1,9,21.2,43.5,5,0.5,1.2,594,144,6.67,-5.3,-17.9,-26.5,-27.1,NA,100,64,58,32,1,NA,18
RMad,-58.7951,-3.4494,Cruise 5,558,414,173,206,3.5,1.5,0,9.2,20.9,17.5,0,0.5,1.1,171,8,6.73,-4.1,-14.7,NA,-26.5,149,136,104,72,39,114,NA,18.4
RMad,-58.7951,-3.4494,Cruise 6,680,550,50,214,1.7,0.8,NA,16.2,20.1,10.7,0,1.1,1.1,90,1,7.44,-4.4,-12.4,-28.1,-26.7,135,200,253,107,30,81,NA,14.72727273
RMad,-58.7951,-3.4494,Cruise 7,792,345,195,166,3.6,5.9,0.6,11.5,21,60.5,3.4,0.6,1.7,771,120,6.59,-7.3,-14.2,-28.2,-26.7,137,138,87,72,39,19,NA,19.16666667
RMad,-58.7951,-3.4494,Cruise 8,940,374,113,180,2.7,0.6,NA,11.6,38.3,6.7,0,0.7,1.7,64,NA,6.86,-6,-15.4,NA,-27.7,142,120,100,76,35,22,NA,16.57142857
RMad,-58.7951,-3.4494,Cruise 9,1322,434,80,210,4.5,NA,NA,13.9,NA,NA,NA,0.7,NA,55,1,7.08,NA,NA,NA,NA,156,NA,NA,NA,NA,NA,NA,19.85714286
RMad,-58.7951,-3.4494,Cruise 11,2532,402,91,6,3.5,0.8,0,13.9,NA,8,0.1,0.5,NA,66,NA,6.99,NA,NA,NA,NA,120,NA,NA,NA,NA,NA,NA,27.8
RMad,-58.7951,-3.4494,Cruise 12,3045,234,138,177,3.2,2.2,0.3,11.9,NA,20.1,1.3,0.8,NA,298,49,6.58,NA,NA,NA,NA,209,NA,NA,NA,NA,NA,NA,14.875
RMad,-58.7951,-3.4494,Cruise 13,3532,490,60,NA,2.9,NA,NA,11.6,NA,NA,NA,0.8,NA,30,NA,7.26,NA,NA,NA,NA,168,NA,NA,NA,NA,NA,NA,14.5
RNeg,-60.3031,-3.0632,Cruise 1,133,10,121,166,9.8,0.8,NA,3,28.2,6.7,0,0.4,0.5,7,NA,NA,-6,NA,NA,NA,NA,12,22,4,15,155,4,7.5
RNeg,-60.3031,-3.0632,Cruise 2,239,10,182,112,7.7,0.2,NA,2.1,22,1.6,0,0,0.1,8,NA,4.94,-4.8,-23,NA,NA,NA,9,22,6,12,17,NA,NA
RNeg,-60.3031,-3.0632,Cruise 3,342,64,100,193,8.5,NA,NA,3,27,0,0,0.2,0.3,6,NA,5.19,-3.5,-20.2,NA,NA,NA,11,26,7,10,14,NA,15
RNeg,-60.3031,-3.0632,Cruise 4,455,11,65,180,6.5,NA,NA,6.8,25.7,0,0,0.1,1,10,NA,5.42,-2.4,-23.1,NA,-26.8,NA,6,33,6,10,23,NA,68
RNeg,-60.3031,-3.0632,Cruise 5,553,10,100,131,10.6,0.3,NA,1.7,22,2.5,0,0,0.8,5,NA,4.86,-3.9,-26.8,NA,-28.6,65,7,20,1,5,87,NA,NA
RNeg,-60.3031,-3.0632,Cruise 6,675,10,100,199,7.5,0.1,NA,3.4,18.8,0.6,0,0.1,0.5,5,NA,NA,-2.2,-24.9,NA,-29.1,73,7,52,4,6,14,NA,34
RNeg,-60.3031,-3.0632,Cruise 7,790,10,100,166,8.5,0.7,NA,1.7,21,5.8,0,0.1,0.8,5,NA,4.82,-3.8,-25.4,NA,-28.6,58,2,95,4,11,28,NA,17
RNeg,-60.3031,-3.0632,Cruise 8,935,10,100,129,8.8,0.4,0.1,3,31.7,3.6,0.3,0.1,1,8,1,4.91,-6,-26.4,NA,-27.7,70,9,54,6,13,16,NA,30
RNeg,-60.3031,-3.0632,Cruise 9,1320,NA,NA,NA,9.6,NA,NA,2.1,NA,NA,NA,0.1,NA,123,0,4.77,NA,NA,NA,NA,56,NA,NA,NA,NA,NA,NA,21
RNeg,-60.3031,-3.0632,Cruise 11,NA,10,NA,NA,8.1,0.1,0,NA,NA,1.1,NA,NA,NA,1,NA,NA,NA,NA,NA,NA,NA,NA,NA,NA,NA,NA,NA,NA
RNeg,-60.3031,-3.0632,Cruise 12,3044,25,465,121,8.7,0.1,0,3.6,NA,0,NA,0.1,NA,1,0,5.03,NA,NA,NA,NA,111,NA,NA,NA,NA,NA,NA,36
RNeg,-60.3031,-3.0632,Cruise 13,3530,21,685,NA,10.1,NA,NA,2.5,NA,NA,NA,0.2,NA,10,NA,4.73,NA,NA,NA,NA,84,NA,NA,NA,NA,NA,NA,12.5
RPur,-61.433,-3.7455,Cruise 1,131,218,337,113,6.2,1,0.1,5.9,28.7,9.4,0.4,1,1.3,51,14,6.16,-7.1,NA,NA,NA,NA,70,50,23,27,280,7,5.9
RPur,-61.433,-3.7455,Cruise 2,237,346,302,36,3.5,0.2,0.2,9.2,20.3,1.8,0,0.4,0.5,22,2,6.41,-5.6,-18.3,-32.3,-29.1,NA,111,70,32,30,21,NA,23
RPur,-61.433,-3.7455,Cruise 3,340,306,86,205,3.5,0.9,NA,18.1,23.4,10.6,0,0.9,1.1,103,NA,6.93,-4,-15.4,NA,-27.3,NA,104,78,33,37,37,NA,20.11111111
RPur,-61.433,-3.7455,Cruise 4,453,241,256,72,5.2,1.8,0.2,6.1,25.8,17.8,0,0.5,1.7,143,3,6.32,-3.9,-19.9,-29.9,-28.1,NA,73,55,26,22,1,NA,12.2
RPur,-61.433,-3.7455,Cruise 5,551,265,372,36,4.1,0.9,NA,3.6,19.7,11.4,0,0.7,1.4,38,2,6.2,-4.2,-19.7,-28.6,-29.4,170,77,58,26,22,78,NA,5.142857143
RPur,-61.433,-3.7455,Cruise 6,673,565,45,217,2.2,1.1,NA,14.5,27.2,13.5,0,0.6,1.1,46,NA,7.49,-3.5,-14.1,NA,-29.9,202,157,173,56,30,34,NA,24.16666667
RPur,-61.433,-3.7455,Cruise 7,785,191,334,113,4.7,1.6,NA,10.9,19,15.8,0,0.5,1.2,170,NA,6.1,-5.8,-19.7,-28.7,-27.7,152,67,92,23,24,24,NA,21.8
RPur,-61.433,-3.7455,Cruise 8,933,278,348,86,4.3,0.7,NA,2.2,23.9,6,0,0.8,1.8,18,NA,6.25,-6.5,-18.8,-29.5,-31.2,150,93,80,31,25,22,NA,2.75
RPur,-61.433,-3.7455,Cruise 9,1318,238,230,8,4.6,NA,NA,4.6,NA,NA,NA,0.7,NA,24,1,6.36,NA,NA,NA,NA,175,NA,NA,NA,NA,NA,NA,6.571428571
RPur,-61.433,-3.7455,Cruise 11,2526,362,100,6,NA,0.7,0,7.3,NA,7.5,0,0.5,NA,40,NA,6.9,NA,NA,NA,NA,383,NA,NA,NA,NA,NA,NA,14.6
RPur,-61.433,-3.7455,Cruise 12,3042,189,391,58,4.8,1.1,0.2,3.4,NA,9.6,0.8,1,NA,62,8,6.03,NA,NA,NA,NA,143,NA,NA,NA,NA,NA,NA,3.4
RPur,-61.433,-3.7455,Cruise 13,3527,320,265,NA,4.4,NA,NA,3.9,NA,NA,NA,0.6,NA,23,NA,6.43,NA,NA,NA,NA,177,NA,NA,NA,NA,NA,NA,6.5
SAI,-67.8904,-3.0188,Cruise 1,122,1072,231,176,4.3,2.6,1,5.8,22.4,17.2,3.9,1,1.2,236,148,7.01,-8.8,NA,NA,NA,NA,418,141,70,35,208,42,5.8
SAI,-67.8904,-3.0188,Cruise 2,228,706,67,205,3.2,2,0.5,11.7,18.7,14.4,1.5,0.9,1.1,154,57,7.38,-6,-12.8,-27.9,-27.5,NA,283,187,54,24,139,NA,13
SAI,-67.8904,-3.0188,Cruise 3,333,851,86,178,3.3,4,0.7,15.6,15.9,29.6,2.6,0.7,0.3,398,101,7.31,-6.6,-12,-27.5,-26.7,NA,393,288,73,32,115,NA,22.28571429
SAI,-67.8904,-3.0188,Cruise 4,447,922,94,143,3.7,4,0.7,13.1,20.8,29.5,2.4,0.6,1.5,371,70,7.33,-5.5,-12.2,-27.8,-26.6,NA,487,193,76,28,106,NA,21.83333333
SAI,-67.8904,-3.0188,Cruise 5,544,828,207,158,3.5,3.2,0.6,12.3,23.4,27.4,2.6,0.8,1,251,50,6.92,-5.9,-13.8,-27.5,-27,156,371,183,68,27,196,NA,15.375
SAI,-67.8904,-3.0188,Cruise 6,666,674,76,203,3,2.1,0.6,15.3,21.9,16.3,2.1,1,1.2,179,58,7.29,-4.5,-12.6,-27.9,NA,171,300,204,62,22,147,NA,15.3
SAI,-67.8904,-3.0188,Cruise 7,777,863,112,176,3,4.5,0.7,13.1,23.6,32.9,2.7,1,2.1,419,94,7.23,-6.4,-12.4,-27.9,-27,138,377,183,68,27,116,NA,13.1
SAI,-67.8904,-3.0188,Cruise 8,924,760,102,173,2.8,2.3,0.7,9.2,27.7,14,2.2,0.9,1.5,217,65,7.2,-7.4,-13.5,-27.8,-27.2,155,337,175,65,27,107,NA,10.22222222
SAI,-67.8904,-3.0188,Cruise 9,1311,693,90,180,3.6,NA,NA,13,NA,NA,NA,0.9,NA,259,52,7.22,NA,NA,NA,NA,168,NA,NA,NA,NA,NA,NA,14.44444444
SAI,-67.8904,-3.0188,Cruise 11,NA,NA,NA,NA,NA,NA,NA,NA,NA,NA,NA,NA,NA,NA,NA,NA,NA,NA,NA,NA,NA,NA,NA,NA,NA,NA,NA,NA
SAI,-67.8904,-3.0188,Cruise 12,NA,NA,NA,NA,NA,NA,NA,NA,NA,NA,NA,NA,NA,NA,NA,NA,NA,NA,NA,NA,NA,NA,NA,NA,NA,NA,NA,NA
SJA,-58.9882,-3.2402,Cruise 1,NA,NA,NA,NA,NA,NA,NA,NA,NA,NA,NA,NA,NA,NA,NA,NA,NA,NA,NA,NA,NA,NA,NA,NA,NA,NA,NA,NA
SJA,-58.9882,-3.2402,Cruise 2,244,269,173,148,5,0.8,0.3,8.2,11.2,11.9,1.1,0.6,0.8,109,33,6.62,-5.9,-16.5,-27.8,NA,NA,128,91,29,21,53,NA,13.66666667
SJA,-58.9882,-3.2402,Cruise 3,344,582,107,182,3.6,2.5,0.5,17.5,26.4,18.4,1.3,0.7,1.5,252,13,7.08,-5.6,-12.4,-28.4,-27,NA,267,115,60,29,115,NA,25
SJA,-58.9882,-3.2402,Cruise 4,460,685,124,138,3.6,2.4,0.4,10.3,24.4,17.7,1,0.5,1.6,212,14,7.09,-4.6,-13.8,-28.7,-27.1,NA,281,125,57,28,66,NA,20.6
SJA,-58.9882,-3.2402,Cruise 5,557,438,251,126,5,2,0.3,6.5,21.6,17,1.5,0.6,1.1,135,40,6.58,-4.7,-16.5,-27.3,-28.2,136,169,112,35,18,137,NA,10.83333333
SJA,-58.9882,-3.2402,Cruise 6,679,423,83,191,3.5,1.5,0.3,14.6,22.3,11.9,1,1.2,1.1,133,12,7.05,-3.7,-14.1,-27.5,-27.4,138,135,153,29,14,89,NA,12.16666667
SJA,-58.9882,-3.2402,Cruise 7,791,535,158,167,4.7,2.5,0.3,11.7,22.1,22.5,1.1,0.7,1.3,225,20,6.87,-5.6,-13.9,-28.9,-27.3,119,222,87,50,22,55,NA,16.71428571
SJA,-58.9882,-3.2402,Cruise 8,940,469,211,140,4.6,1.2,0.4,7.1,30.7,8.7,1.6,0.5,1.2,106,52,6.71,-6.5,-16.6,-27.8,-27.9,121,76,110,36,20,48,NA,14.2
SJA,-58.9882,-3.2402,Cruise 9,1321,303,170,160,5.8,NA,NA,8.2,NA,NA,NA,0.7,NA,110,45,6.23,NA,NA,NA,NA,122,NA,NA,NA,NA,NA,NA,11.71428571
SJA,-58.9882,-3.2402,Cruise 11,2532,336,123,6,NA,2.2,0.3,13.1,NA,15.4,0.9,0.5,NA,168,18,6.78,NA,NA,NA,NA,127,NA,NA,NA,NA,NA,NA,26.2
SJA,-58.9882,-3.2402,Cruise 12,NA,NA,NA,NA,NA,NA,NA,NA,NA,NA,NA,NA,NA,NA,NA,NA,NA,NA,NA,NA,NA,NA,NA,NA,NA,NA,NA,NA
SJA,-58.9882,-3.2402,Cruise 13,NA,262,178,NA,6.9,NA,NA,5.9,NA,NA,NA,0.5,NA,NA,NA,6.46,NA,NA,NA,NA,127,NA,NA,NA,NA,NA,NA,11.8
Tup,-65.868,-2.5055,Cruise 1,125,774,311,169,4.4,2.7,0.6,7,22.4,20.6,2.7,1.1,1,235,101,6.74,-8.7,NA,NA,NA,NA,375,136,61,35,77,NA,6.363636364
Tup,-65.868,-2.5055,Cruise 2,231,639,86,193,3,2.5,0.5,12.9,17.5,17.7,1.3,0.8,1.7,185,30,7.22,-6,-13.3,-28.1,-27.3,NA,274,187,52,25,120,NA,16.125
Tup,-65.868,-2.5055,Cruise 3,335,806,102,172,3.2,4.2,0.9,16.7,26.3,30.6,3.6,1,0.9,419,136,7.24,-6.4,-12.1,-27.8,-26.8,NA,282,465,65,35,88,NA,16.7
Tup,-65.868,-2.5055,Cruise 4,449,874,99,135,3.5,3.8,0.8,13,23.4,27,2.4,0.6,1.4,338,82,7.29,-5.3,-12.6,-27.8,NA,NA,441,176,72,27,95,NA,21.66666667
Tup,-65.868,-2.5055,Cruise 5,546,866,179,144,3.4,3.1,0.6,13.1,26.3,27.2,2.3,0.8,1.2,233,54,7.03,-5.8,-14.1,-27.8,-27.1,167,341,186,63,27,196,NA,16.375
Tup,-65.868,-2.5055,Cruise 6,668,683,64,191,3.2,2.8,0.7,15,25.6,22.8,2.4,1,1.4,211,63,7.37,-3,-12.7,-27.8,-27,169,309,241,65,28,156,NA,15
Tup,-65.868,-2.5055,Cruise 7,780,823,131,169,3.9,4.5,0.7,17.5,25.4,35.5,3.4,0.8,1.7,414,119,7.14,-6.3,-12.9,-27.7,-27.1,138,377,171,72,26,130,NA,21.875
Tup,-65.868,-2.5055,Cruise 8,926,755,114,166,2.8,2.1,0.4,10.3,29.9,15.1,1.3,0.9,1.5,200,45,7.17,-7.2,-13.9,-28.5,-27.5,155,330,168,66,29,111,NA,11.44444444
Tup,-65.868,-2.5055,Cruise 9,1313,669,90,180,3.5,NA,NA,12.9,NA,NA,NA,0.8,NA,224,37,7.21,NA,NA,NA,NA,144,NA,NA,NA,NA,NA,NA,16.125
Tup,-65.868,-2.5055,Cruise 11,2520,653,112,5,6,3.6,0.9,15.3,NA,21.9,3.1,0.6,NA,313,101,7.11,NA,NA,NA,NA,148,NA,NA,NA,NA,NA,NA,25.5
Tup,-65.868,-2.5055,Cruise 12,NA,NA,NA,NA,4.4,NA,NA,NA,NA,NA,NA,NA,NA,NA,NA,NA,NA,NA,NA,NA,NA,NA,NA,NA,NA,NA,NA,NA
Tup,-65.868,-2.5055,Cruise 13,NA,NA,NA,NA,NA,NA,NA,NA,NA,NA,NA,NA,NA,NA,NA,NA,NA,NA,NA,NA,NA,NA,NA,NA,NA,NA,NA,NA
VGr,-67.8524,-3.2839,Cruise 1,121,1095,133,177,4.7,3.4,1.1,7.4,24.8,23.7,4.7,0.8,0.9,282,205,7.26,-8.9,NA,NA,NA,NA,482,150,78,36,279,NA,9.25
VGr,-67.8524,-3.2839,Cruise 2,226,795,72,239,3.2,2.6,0.9,14,20,17.6,2.8,0.9,1.4,217,59,7.38,-6.8,-12.5,-28.2,-27,NA,349,125,65,28,173,NA,15.55555556
VGr,-67.8524,-3.2839,Cruise 3,331,986,89,205,3.2,4.7,0.8,17.3,25.3,34.6,3.2,0.9,1,470,136,7.39,-6.8,-11.6,-27.3,-26.5,NA,450,593,82,36,128,NA,19.22222222
VGr,-67.8524,-3.2839,Cruise 4,446,1013,87,148,3.6,4.6,0.9,14,19.5,34.1,3.4,0.7,1.3,436,92,7.41,-5.6,-11.9,-27.6,-26.4,NA,538,212,83,31,116,NA,20
VGr,-67.8524,-3.2839,Cruise 5,543,1060,157,168,3.1,3.3,0.6,14.2,20.6,26.6,2.3,1.2,1.7,299,41,7.18,-6.1,-13.1,-27.7,-27.2,168,465,227,82,30,251,NA,11.83333333
VGr,-67.8524,-3.2839,Cruise 6,665,850,67,183,3,2.8,0.6,15.5,23.9,22.1,2.1,1.2,1.3,232,44,7.45,-4.5,-12.2,-27.3,-26.8,183,374,241,77,26,188,NA,12.91666667
VGr,-67.8524,-3.2839,Cruise 7,776,1029,93,177,3.9,5,0.8,14.9,23,41.6,3,0.8,2.2,486,106,7.39,-6.6,-12,-28.1,-26.8,143,494,204,85,30,136,NA,18.625
VGr,-67.8524,-3.2839,Cruise 8,923,910,89,168,2.9,2.7,0.5,12.8,25,16.5,2,1,1.5,252,71,7.36,-7.5,-13.2,-28.4,-27,166,414,217,78,31,194,NA,12.8
VGr,-67.8524,-3.2839,Cruise 9,1310,896,80,160,4.8,NA,NA,14.2,NA,NA,NA,1,NA,269,73,7.37,NA,NA,NA,NA,196,NA,NA,NA,NA,NA,NA,14.2
VGr,-67.8524,-3.2839,Cruise 11,NA,NA,NA,NA,NA,NA,NA,NA,NA,NA,NA,NA,NA,NA,NA,NA,NA,NA,NA,NA,NA,NA,NA,NA,NA,NA,NA,NA
VGr,-67.8524,-3.2839,Cruise 12,3032,858,182,133,4.6,3.2,1.8,9.5,NA,26.4,6.3,0.4,NA,291,101,7.02,NA,NA,NA,NA,142,NA,NA,NA,NA,NA,NA,23.75
VGr,-67.8524,-3.2839,Cruise 13,3511,1269,90,NA,2.7,NA,NA,17.1,NA,NA,NA,0.9,NA,203,NA,7.49,NA,NA,NA,NA,225,NA,NA,NA,NA,NA,NA,19
Xib,-67.1972,-2.5855,Cruise 1,123,924,363,175,4.1,3,0.5,8.8,23.5,22.8,2.2,1,1.1,235,80,6.74,-8.7,NA,NA,NA,NA,402,138,67,35,156,33,8.8
Xib,-67.1972,-2.5855,Cruise 2,229,647,75,206,2.9,1.8,0.5,13,17.6,13.3,1.3,0.9,1,150,58,7.32,-6.9,-13.7,-28.3,-27.4,NA,283,191,54,24,130,NA,14.44444444
Xib,-67.1972,-2.5855,Cruise 3,334,840,94,190,3.2,4.1,0.9,17.5,30.8,30,3.1,0.8,0.9,419,129,7.3,-6.5,-12.1,-27.7,-26.8,NA,399,321,77,32,110,NA,21.875
Xib,-67.1972,-2.5855,Cruise 4,448,923,88,138,3.4,4,0.9,12.8,23,29.6,3.2,0.6,1.8,379,79,7.37,-5.3,-12.5,-27.1,NA,NA,465,179,74,28,93,NA,21.33333333
Xib,-67.1972,-2.5855,Cruise 5,545,873,143,154,3.3,2.7,0.6,12.8,22.5,22.7,2.5,0.9,1.4,233,55,7.13,-5.9,-13.7,-28.1,-27.4,158,371,203,68,26,200,NA,14.22222222
Xib,-67.1972,-2.5855,Cruise 6,667,699,97,189,3.2,2.5,0.6,14.4,22.1,18.5,2.7,1.1,1.2,216,88,7.2,-4.4,-12.7,-27.5,-27,166,295,226,62,21,141,NA,13.09090909
Xib,-67.1972,-2.5855,Cruise 7,778,881,105,175,3.6,4.5,0.9,15,24.4,34.6,4.3,0.9,1.8,441,100,7.27,-6.4,-12.5,-27.6,-27,135,404,179,74,27,123,NA,16.66666667
Xib,-67.1972,-2.5855,Cruise 8,925,780,103,170,2.7,2.3,0.6,12.1,27.4,16.7,2.3,0.8,1.4,222,58,7.22,-7.2,-13.7,-28.3,-27.4,155,345,180,68,36,121,NA,15.125
Xib,-67.1972,-2.5855,Cruise 9,1312,720,90,180,3.7,NA,NA,13.2,NA,NA,NA,1,NA,252,69,7.25,NA,NA,NA,NA,165,NA,NA,NA,NA,NA,NA,13.2
Xib,-67.1972,-2.5855,Cruise 11,2518,660,106,5,5.2,3.5,0.6,14.6,NA,26.6,2.1,0.6,NA,287,77,7.14,NA,NA,NA,NA,150,NA,NA,NA,NA,NA,NA,24.33333333
Xib,-67.1972,-2.5855,Cruise 12,NA,NA,NA,NA,NA,NA,NA,NA,NA,NA,NA,NA,NA,NA,NA,NA,NA,NA,NA,NA,NA,NA,NA,NA,NA,NA,NA,NA
Xib,-67.1972,-2.5855,Cruise 13,NA,NA,NA,NA,NA,NA,NA,NA,NA,NA,NA,NA,NA,NA,NA,NA,NA,NA,NA,NA,NA,NA,NA,NA,NA,NA,NA,NA
