SITE_ID,Lat,Lon,DOC_Median,NO3_Median,TP_Median,NO3toTP_Median
NLA12_AL_101,33.29204144,-87.3913824,2.335,0.0955,27.5,0.003472727
NLA12_AL_102,34.22781586,-86.84344912,3.38,0,12,0
NLA12_AL_103,33.7624784,-86.05315833,2.83,0,56,0
NLA12_AL_104,32.51586852,-87.86108477,2.68,0.08,37,0.002162162
NLA12_AL_105,31.62154629,-88.35373896,6.83,0.01,82,0.000121951
NLA12_AL_112,33.36486204,-88.16688028,3.82,0.003,33,9.09E-05
NLA12_AL_113,30.97184148,-88.0527428,3.41,0.095,27,0.003518519
NLA12_AL_114,33.88200988,-85.9316179,3.6,0.003,62,4.84E-05
NLA12_AL_R03,33.32192301,-85.81071637,1.49,0,31,0
NLA12_AL_R05,33.28949519,-87.68596227,2.5,0.004,24,0.000166667
NLA12_AR_101,34.53435079,-92.26882632,11.185,0.001,84,1.19E-05
NLA12_AR_102,35.58318947,-90.96294056,5.33,0,151,0
NLA12_AR_103,34.41755034,-93.07012469,2.92,0.002,15,0.000133333
NLA12_AR_104,35.5624593,-93.63756822,2.03,0.013,30,0.000433333
NLA12_AR_105,33.07556301,-92.66059625,8.82,0.003,36.5,8.22E-05
NLA12_AR_106,36.06720319,-91.14242843,5.02,0.002,107,1.87E-05
NLA12_AR_109,33.81796398,-94.05998348,7.48,0.002,39,5.13E-05
NLA12_AR_111,34.60033557,-92.50069818,5.26,0.002,121,1.65E-05
NLA12_AZ_101,33.5692971,-111.5241427,3.97,0.001,45.5,2.20E-05
NLA12_AZ_102,34.60431345,-112.4386225,16.53,0.002,631,3.17E-06
NLA12_AZ_103,35.02357175,-111.4006586,7.74,0.104,259,0.000401544
NLA12_AZ_106,33.40602291,-114.7138943,7.65,0,37,0
NLA12_AZ_107,34.3606808,-109.363087,6.1,0.042,234,0.000179487
NLA12_AZ_118,33.38131121,-111.883581,3.42,0.116,38,0.003052632
NLA12_AZ_123,33.0266436,-114.5090632,34.49,0.006,392,1.53E-05
NLA12_AZ_127,35.28501346,-112.1541634,6.03,0.019,147,0.000129252
NLA12_AZ_130,33.84530018,-111.6185016,2.585,0.002,62,3.23E-05
NLA12_AZ_140,32.8056793,-109.8626777,5.31,0.003,38,7.89E-05
NLA12_AZ_143,35.11670652,-112.0134231,11.76,0.002,75,2.67E-05
NLA12_AZ_145,33.8293043,-109.090421,14.02,0.002,244,8.20E-06
NLA12_AZ_157,34.03125525,-109.4431103,6.41,0.002,882,2.27E-06
NLA12_AZ_R01,34.42742317,-111.0867324,4.51,0.002,11,0.000181818
NLA12_AZ_R02,34.16108989,-109.9796571,5.29,0,79,0
NLA12_CA_101,38.07832575,-122.7433592,6.615,0.0171,30.65,0.000557912
NLA12_CA_102,33.23504244,-116.7444419,8.83,0.005,23.9,0.000209205
NLA12_CA_103,39.11326334,-120.4389061,1.62,0.0067,4.1,0.001634146
NLA12_CA_104,37.78873902,-119.0738863,6.82,0.005,4.9,0.001020408
NLA12_CA_105,38.50847142,-121.5353649,4.39,0.0071,688,1.03E-05
NLA12_CA_106,33.07900474,-115.512784,28.1,0.0104,591,1.76E-05
NLA12_CA_107,38.47629345,-119.9996916,3.07,0.005,10.2,0.000490196
NLA12_CA_108,37.14922318,-119.5111573,1.49,0.0139,4.8,0.002895833
NLA12_CA_111,39.013583,-121.0410833,1.64,0.005,5.65,0.000884956
NLA12_CA_112,39.37366934,-121.2786137,1.84,0.005,7.5,0.000666667
NLA12_CA_116,41.22806098,-122.3816476,1.59,0.0203,62.6,0.000324281
NLA12_CA_119,37.95383641,-120.4968436,1.92,0.005,4.1,0.001219512
NLA12_CA_121,36.08284307,-118.9092314,4.2,0.005,12.3,0.000406504
NLA12_CA_123,38.76397086,-119.9656214,2.84,0.0058,9.7,0.000597938
NLA12_CA_128,39.72615676,-122.8416693,4.32,0.005,29.5,0.000169492
NLA12_CA_132,40.50757762,-122.6943291,1.48,0.005,11.6,0.000431034
NLA12_CA_135,38.69849847,-120.0450767,1.53,0.005,5.6,0.000892857
NLA12_CA_138,40.51311798,-121.1651745,4.99,0.005,10.5,0.00047619
NLA12_CA_141,39.09599481,-122.9319835,8.08,0.005,33.7,0.000148368
NLA12_CA_143,37.56448938,-121.9971818,4.41,0.0573,26.8,0.00213806
NLA12_CA_145,37.24681552,-121.8722039,5.59,0.005,33.6,0.00014881
NLA12_CA_154,40.63158462,-120.00287,2.45,0.005,166,3.01E-05
NLA12_CA_156,34.49328953,-117.2618539,2.76,0.005,53,9.43E-05
NLA12_CA_157,37.3732653,-120.4335059,2,0.0198,4.1,0.004829268
NLA12_CA_166,39.76106147,-120.7127085,1.93,0.005,4.1,0.001219512
NLA12_CA_167,39.30959639,-120.578516,3.38,0.005,4.1,0.001219512
NLA12_CA_168,33.8011914,-117.8101552,7.67,0.152,434,0.00035023
NLA12_CA_172,33.15989079,-117.0432688,28.1,0.0407,14.8,0.00275
NLA12_CA_174,37.91390879,-121.6012966,4.13,0.521,77.7,0.006705277
NLA12_CA_180,38.72817607,-121.131213,1.69,0.0056,4.1,0.001365854
NLA12_CA_181,37.17995179,-121.6910013,4.57,0.005,39.7,0.000125945
NLA12_CA_188,37.77693239,-122.1186618,6.67,0.005,25.6,0.000195313
NLA12_CA_190,38.06047879,-121.0282226,12.7,0.005,123,4.07E-05
NLA12_CA_200,39.36848919,-120.322472,1.04,0.005,4.1,0.001219512
NLA12_CA_206,40.76439588,-122.2541896,0.75,0.005,5.6,0.000892857
NLA12_CA_208,41.99178315,-121.8782454,36.1,0.005,29.9,0.000167224
NLA12_CA_212,39.96955481,-121.2222947,4.09,0.005,8.3,0.00060241
NLA12_CA_223,37.60310878,-119.0030315,1.77,0.005,4.1,0.001219512
NLA12_CA_R01,37.94905065,-122.6274594,2.95,0.002,31,6.45E-05
NLA12_CA_R02,39.40604459,-120.0965946,1.77,0.002,40,0.00005
NLA12_CA_R03,37.66379232,-120.2158143,1.56,0,16,0
NLA12_CA_R05,40.45893329,-121.2909231,1.42,0,6,0
NLA12_CA_R06,40.39703508,-121.3623357,3.39,0.002,33,6.06E-05
NLA12_CA_R09,38.04703186,-119.2594305,1.4,0.005,14,0.000357143
NLA12_CA_R10,40.40351019,-121.3588354,3.68,0,59,0
NLA12_CA_R12,40.38862429,-121.299224,2.46,0,10,0
NLA12_CA_R13,38.04692295,-119.2654654,0.91,0.002,11,0.000181818
NLA12_CO_101,38.30009665,-102.7612671,32.81,0,100,0
NLA12_CO_102,38.99724122,-108.0511795,1.62,0.002,29,6.90E-05
NLA12_CO_103,40.43632395,-105.0336532,5.07,0.004,17,0.000235294
NLA12_CO_104,40.22358076,-104.9472807,15.09,0.023,435,5.29E-05
NLA12_CO_105,37.4167824,-108.4056506,9.66,0.002,114,1.75E-05
NLA12_CO_106,40.33707955,-105.1266943,3.34,0,15,0
NLA12_CO_107,37.8246388,-107.885134,0.73,0.026,16,0.001625
NLA12_CO_108,38.7911491,-105.1063606,1.41,0.005,25,0.0002
NLA12_CO_109,40.05558648,-105.7470802,4.57,0.002,16,0.000125
NLA12_CO_110,39.99496234,-105.112227,6.1,0.032,43,0.000744186
NLA12_CO_111,40.0798358,-105.2171741,2.89,0.003,26,0.000115385
NLA12_CO_114,39.03670301,-107.9111308,5.09,0,37,0
NLA12_CO_115,40.00305447,-107.3583306,2.67,0.002,14,0.000142857
NLA12_CO_117,37.31623199,-107.1129943,4.77,0,33,0
NLA12_CO_119,40.25822853,-105.604528,0.48,0.36,5,0.072
NLA12_CO_121,37.67328141,-107.1127777,2.13,0.003,84,3.57E-05
NLA12_CO_124,39.93104164,-104.9732957,15.37,0,110,0
NLA12_CO_125,39.22067903,-106.3916958,1.29,0.017,11,0.001545455
NLA12_CO_127,40.12169493,-104.9459108,8.09,0.01,712,1.40E-05
NLA12_CO_129,37.28488371,-104.3381595,5.87,0,45,0
NLA12_CO_130,39.64574357,-106.1674308,0.78,0.1,9,0.011111111
NLA12_CO_131,40.94491896,-106.0119684,5.375,0.001,47.5,2.11E-05
NLA12_CO_133,37.54114004,-107.5965489,1.7,0.002,14,0.000142857
NLA12_CO_R01,39.9856728,-107.231024,1.84,0.002,36,5.56E-05
NLA12_CO_R04,40.2166095,-105.3725581,2.09,0.002,20,0.0001
NLA12_CO_R07,40.14319362,-107.117692,1.58,0.002,120,1.67E-05
NLA12_CO_R10,40.17407647,-107.7039121,8.27,0.002,28,7.14E-05
NLA12_CT_101,41.92395129,-72.21958455,4.875,0.0025,28,8.93E-05
NLA12_CT_102,41.8811168,-73.03985488,2.11,0.002,7,0.000285714
NLA12_CT_103,41.67757315,-73.14469782,2.53,0,19,0
NLA12_CT_104,41.95084399,-71.9511164,4.33,0.073,48,0.001520833
NLA12_CT_105,41.89704559,-73.44712926,3.85,0.002,69,2.90E-05
NLA12_CT_107,41.3389906,-72.48613163,4.36,0,18,0
NLA12_CT_108,41.65348504,-73.20748141,3.5,0.002,28,7.14E-05
NLA12_CT_115,41.71185606,-72.32903222,2.665,0.0025,12,0.000208333
NLA12_CT_118,41.77454096,-71.88798099,2.6,0.002,5,0.0004
NLA12_CT_126,41.84051817,-72.10979305,3.06,0.003,15,0.0002
NLA12_DE_101,39.42401394,-75.68735124,3.56,0.002,132,1.52E-05
NLA12_DE_102,38.98857897,-75.52117937,5.5,0.002,227,8.81E-06
NLA12_DE_103,38.64269726,-75.55096879,2.95,0.55,81,0.006790123
NLA12_DE_104,38.55949766,-75.56233222,3.98,1.04,182,0.005714286
NLA12_DE_105,38.55992891,-75.62927498,2.15,6.31,22,0.286818182
NLA12_DE_107,38.86695206,-75.38016332,3.52,0.28,30,0.009333333
NLA12_DE_121,38.51997073,-75.51111717,2.58,0.66,191,0.003455497
NLA12_FL_101,26.96218896,-80.86112023,13.11,0.1075,127,0.000846457
NLA12_FL_102,28.09204922,-81.70722184,14.57,0.0105,43.5,0.000241379
NLA12_FL_103,28.62012601,-81.62390666,21.61,0.002,132,1.52E-05
NLA12_FL_104,28.63214149,-81.35520745,6.03,0.019,25,0.00076
NLA12_FL_105,28.89574438,-81.83982976,18.68,0.003,81,3.70E-05
NLA12_FL_106,28.63737421,-81.13770674,13.02,0.031,46,0.000673913
NLA12_FL_107,28.17018584,-81.83447199,5.86,0.019,9,0.002111111
NLA12_FL_108,30.43458497,-84.56553879,8.43,0.003,70,4.29E-05
NLA12_FL_109,28.8388165,-81.26992474,20.73,0.011,77,0.000142857
NLA12_FL_110,27.84218818,-81.50927927,3.98,0.0115,22,0.000522727
NLA12_FL_114,28.62073805,-81.38955715,7.87,0.019,20,0.00095
NLA12_FL_123,27.20734613,-81.35075299,5.205,0.002,7,0.000285714
NLA12_FL_126,28.02489816,-81.41000805,14.16,0,50,0
NLA12_FL_130,28.56416506,-81.77977349,11.55,0,58,0
NLA12_FL_132,26.42221393,-81.49292185,29.97,0,83,0
NLA12_FL_141,30.51614943,-85.70778846,1.58,0.002,27,7.41E-05
NLA12_FL_R04,29.23344674,-81.90578186,25.2,0.003,48,0.0000625
NLA12_FL_R06,30.22667337,-82.43711308,17.76,0.024,35,0.000685714
NLA12_GA_101,31.05990761,-81.41324075,16.94,0.3205,160.5,0.001996885
NLA12_GA_102,33.29924834,-81.8952677,5.67,0.007,157,4.46E-05
NLA12_GA_103,32.0700182,-84.29710667,3.24,0.002,37,5.41E-05
NLA12_GA_104,34.13780782,-84.64845153,2.14,0.003,15,0.0002
NLA12_GA_105,34.7978933,-84.25515016,0.94,0.003,19,0.000157895
NLA12_GA_107,32.63881298,-83.96692927,3.8,0,76,0
NLA12_GA_111,32.18276667,-83.17085941,5.48,0.002,46,4.35E-05
NLA12_GA_112,33.37323584,-84.28588958,3.33,0.0105,35.5,0.000295775
NLA12_GA_114,32.38244403,-81.92934836,8.18,0.003,39,7.69E-05
NLA12_GA_118,34.54604983,-84.36246964,1.02,0.002,14,0.000142857
NLA12_GA_127,32.09647199,-82.90033962,18.3,0.003,36,8.33E-05
NLA12_GA_R01,32.85947959,-84.39692999,2.75,0.003,28,0.000107143
NLA12_GA_R11,30.83352376,-82.356882,82.88,0.002,81,2.47E-05
NLA12_IA_101,43.15573772,-94.65034846,6.82,0.23,176,0.001306818
NLA12_IA_102,43.46131869,-95.17250624,8.38,0.002,684,2.92E-06
NLA12_IA_103,41.43874241,-93.54970598,3.4,0,18,0
NLA12_IA_104,41.47723398,-92.46027767,5.29,0.002,22,9.09E-05
NLA12_IA_105,42.49288038,-94.62256302,7.01,0,193,0
NLA12_IA_106,41.46944302,-93.9205438,4.67,0,241,0
NLA12_IA_107,43.38972512,-93.4978572,13.13,0,493,0
NLA12_IA_109,43.48048198,-95.19385604,8.58,0.017,59,0.000288136
NLA12_IA_113,40.85032616,-94.07030363,5.14,0.002,33,6.06E-05
NLA12_IA_120,42.62364617,-95.19096081,3.675,0.256,171,0.001497076
NLA12_IA_127,40.75439094,-92.44007539,5.41,0.002,50,0.00004
NLA12_IA_132,42.8383562,-93.69187566,10.42,0,240,0
NLA12_IA_134,42.12868906,-92.72458951,3.88,0.003,175,1.71E-05
NLA12_IA_150,42.43264577,-93.79604399,10.56,0.308,62,0.004967742
NLA12_IA_152,43.17179588,-94.90593006,7.04,0.026,240,0.000108333
NLA12_IA_R01,42.4792253,-92.38858001,4.12,0.002,46,4.35E-05
NLA12_IA_R02,42.52502148,-92.40625711,7.55,0.002,208,9.62E-06
NLA12_IA_R03,40.59743375,-93.77118762,6.33,0.006,16,0.000375
NLA12_ID_101,44.96411515,-116.4630194,1.94,0.002,59.5,3.36E-05
NLA12_ID_102,48.45840044,-116.8242397,2.69,0,29,0
NLA12_ID_103,47.46589015,-116.6151536,2.54,0,35,0
NLA12_ID_104,42.24331356,-111.8494043,5.58,0.002,147,1.36E-05
NLA12_ID_105,48.18768071,-116.5255832,6.02,0.002,29,6.90E-05
NLA12_ID_107,43.46019017,-116.1413012,7.99,0.107,383,0.000279373
NLA12_ID_108,47.51724168,-116.5654143,1.76,0.002,22,9.09E-05
NLA12_ID_109,42.67704536,-113.4072962,1.88,0.002,41,4.88E-05
NLA12_ID_110,43.33129134,-113.9282985,9.96,0.002,44,4.55E-05
NLA12_ID_111,42.20637168,-114.8788521,2.93,0.005,84,5.95E-05
NLA12_ID_112,48.7562708,-116.0903859,5.1,0.001,47.5,2.11E-05
NLA12_ID_113,44.83832985,-116.0344437,4.49,0.002,34,5.88E-05
NLA12_ID_121,48.00714106,-117.003822,2.71,0,65,0
NLA12_ID_122,42.89525373,-111.9638056,5.2,0.002,82,2.44E-05
NLA12_ID_141,44.32909632,-116.1841073,2.47,0.002,36,5.56E-05
NLA12_ID_142,43.99802567,-114.8891906,0.6,0.015,15,0.001
NLA12_ID_143,42.26425757,-116.3104956,6.98,0.003,68,4.41E-05
NLA12_ID_145,44.29971223,-115.2539785,1.11,0,23,0
NLA12_ID_148,46.20607125,-116.8343671,3.42,0.002,77,2.60E-05
NLA12_ID_149,46.68823022,-116.649551,7.09,0.003,85,3.53E-05
NLA12_ID_151,43.19840666,-114.5997261,15.04,0.011,705,1.56E-05
NLA12_ID_158,44.10981036,-114.9661056,0.7,0.009,9,0.001
NLA12_ID_165,48.01025724,-116.7078838,6.08,0.003,118,2.54E-05
NLA12_ID_166,43.07839868,-112.6936589,1.63,0.414,58,0.007137931
NLA12_ID_168,45.12898626,-116.0220887,1.85,0.002,17,0.000117647
NLA12_ID_175,43.1914128,-116.9598035,3.19,0.002,201,9.95E-06
NLA12_ID_180,47.51563208,-115.7316178,1,0,22,0
NLA12_ID_194,43.16587842,-115.6524756,3.83,0.004,93,4.30E-05
NLA12_ID_198,44.21474968,-111.6155136,4.23,0.002,79,2.53E-05
NLA12_ID_203,42.26037727,-111.4707171,7.47,0.096,175,0.000548571
NLA12_ID_205,44.97021316,-116.001262,2.98,0,75,0
NLA12_ID_207,48.27818524,-116.8311247,3.61,0.002,43,4.65E-05
NLA12_ID_209,44.79670477,-116.7326881,1.8,0.002,41,4.88E-05
NLA12_ID_210,43.94034156,-114.9417467,0.71,0.012,9,0.001333333
NLA12_ID_214,42.1873061,-113.92408,2.89,0.004,134,2.99E-05
NLA12_ID_215,43.97945187,-114.8776554,1.11,0.007,13,0.000538462
NLA12_ID_216,42.53147462,-116.3645133,8.95,0.002,275,7.27E-06
NLA12_ID_218,47.07386493,-115.9576667,1.3,0.002,37,5.41E-05
NLA12_ID_220,45.26811761,-116.2079681,0.98,0.002,53,3.77E-05
NLA12_ID_221,46.63155999,-114.3843753,8.64,0,47,0
NLA12_IL_103,40.98833771,-90.40342515,5.22,0.002,71.5,2.80E-05
NLA12_IL_104,42.19772807,-88.10331921,7.39,0,17,0
NLA12_IL_105,39.41011547,-87.80523888,4.94,0.002,28,7.14E-05
NLA12_IL_106,42.37464061,-88.13351269,10.06,0,62,0
NLA12_IL_109,39.44330979,-89.95992399,4.86,0.002,50,0.00004
NLA12_IL_110,40.48022364,-88.10299877,3.75,0.003,24,0.000125
NLA12_IL_111,38.75927501,-88.067551,4.77,0.005,89,5.62E-05
NLA12_IL_112,37.82087568,-88.90132266,7.62,0.003,69,4.35E-05
NLA12_IL_114,40.50804437,-90.16117672,3.23,0.002,13,0.000153846
NLA12_IL_116,37.69361669,-88.70869133,0.58,0.011,64,0.000171875
NLA12_IL_118,42.24358324,-87.96277577,6.33,0,91,0
NLA12_IL_120,38.75131255,-89.99244717,5.89,0,109,0
NLA12_IL_123,41.64802026,-87.89932476,13.18,0,384,0
NLA12_IL_R01,37.47735207,-88.32742822,3.34,0,21,0
NLA12_IL_R03,37.48284122,-88.32581739,4.77,0.001,24,4.17E-05
NLA12_IL_R04,37.51693276,-88.44687998,3.67,0,18,0
NLA12_IN_101,41.57991404,-84.92317079,6.15,0.0025,27.5,9.09E-05
NLA12_IN_102,41.28698824,-85.78290582,5.25,0,37,0
NLA12_IN_103,41.39844133,-85.36782919,9.85,0.006,65,9.23E-05
NLA12_IN_104,38.21375521,-87.11795032,4.24,0.003,40,0.000075
NLA12_IN_105,41.41470487,-86.47339356,7.11,0,40,0
NLA12_IN_106,41.22553211,-85.65005694,5.76,0,29,0
NLA12_IN_108,41.07631805,-86.46293011,8.68,0.002,58,3.45E-05
NLA12_IN_110,41.3210911,-85.75191291,6.64,0.003,21,0.000142857
NLA12_IN_111,39.60815568,-84.97150743,3.91,0.468,46,0.010173913
NLA12_IN_112,39.72076713,-86.72022287,4.08,0.003,59,5.08E-05
NLA12_IN_113,41.69099262,-85.02355495,5.63,0.002,16,0.000125
NLA12_IN_115,39.02600151,-86.47054783,3.38,0,27,0
NLA12_IN_116,39.27760527,-86.21213767,4.27,0.003,16,0.0001875
NLA12_IN_117,39.71553494,-86.21183124,3.52,0.637,9,0.070777778
NLA12_IN_120,41.35308847,-85.44887465,5.91,0,44,0
NLA12_IN_126,39.03667912,-85.68019805,5.01,0.002,84,2.38E-05
NLA12_IN_127,39.25666178,-86.37285788,4.73,0.003,53,5.66E-05
NLA12_IN_128,41.28458229,-85.69379508,6.205,0.0035,41,8.54E-05
NLA12_IN_130,38.12291459,-86.64595821,3.79,0.002,19,0.000105263
NLA12_IN_131,39.45359873,-87.19347607,2.91,0,8,0
NLA12_IN_134,41.4463142,-87.16882512,11.73,0.002,38,5.26E-05
NLA12_IN_135,38.30624409,-87.31604402,2.57,0.105,31,0.003387097
NLA12_IN_142,38.6607598,-85.75451022,8.72,0.003,125,0.000024
NLA12_IN_144,41.27216801,-85.53933209,9.29,0,31,0
NLA12_IN_145,41.71697825,-85.65916761,7.51,0.047,107,0.000439252
NLA12_IN_146,39.18592631,-86.34303669,3.81,0.002,24,8.33E-05
NLA12_IN_147,40.15369416,-85.64595131,5.62,0,411,0
NLA12_IN_149,41.48115412,-85.34084746,6.61,0.004,51,7.84E-05
NLA12_IN_155,39.05599546,-87.14618915,3.1,0.005,13,0.000384615
NLA12_IN_159,39.77712835,-86.53665008,6.83,0.005,148,3.38E-05
NLA12_IN_160,41.32176444,-85.76856768,8.05,0.003,17,0.000176471
NLA12_IN_162,39.08573146,-86.05904543,6.81,0.002,39,5.13E-05
NLA12_IN_163,39.83839159,-86.30451512,3.98,0.004,76,5.26E-05
NLA12_IN_164,41.13163711,-86.26617418,7.75,0.002,18,0.000111111
NLA12_IN_166,40.9751033,-87.51101929,12.69,0,112,0
NLA12_IN_171,39.26151083,-86.11289562,4.9,0,33,0
NLA12_IN_172,41.38935735,-85.83056287,4.39,0.564,11,0.051272727
NLA12_IN_174,38.00054365,-87.34409037,3.39,0,17,0
NLA12_IN_179,39.76766233,-85.75665952,4.82,4.75,962,0.00493763
NLA12_IN_180,37.9689899,-87.76969281,4.56,0,49,0
NLA12_IN_183,38.73981144,-86.99601089,10.07,0.003,416,7.21E-06
NLA12_IN_185,41.32762286,-85.45633739,5.33,0,64,0
NLA12_IN_186,41.72566548,-85.4639434,4.29,0.019,15,0.001266667
NLA12_IN_187,41.74894691,-84.84254259,6.44,0.003,11,0.000272727
NLA12_IN_191,38.93722484,-85.19511755,12.05,0.004,147,2.72E-05
NLA12_IN_193,39.89200512,-86.11552511,2.88,0.005,9,0.000555556
NLA12_IN_196,41.42672638,-85.73792608,5.66,0.002,17,0.000117647
NLA12_IN_199,41.63635595,-85.16723461,4.51,0.002,31,6.45E-05
NLA12_IN_201,39.17053772,-87.291179,6.68,1.53,63,0.024285714
NLA12_IN_202,38.4641338,-85.80769688,6.49,0.006,50,0.00012
NLA12_KS_101,39.33209745,-97.37485967,7.36,1.515,810.5,0.001869217
NLA12_KS_102,37.39088653,-99.78483802,7.62,0.002,53,3.77E-05
NLA12_KS_103,39.0001536,-95.77964833,4.22,0,28,0
NLA12_KS_105,37.65556473,-98.26098551,5.85,0.027,190,0.000142105
NLA12_KS_106,37.19334598,-95.98897607,7.34,0.002,95,2.11E-05
NLA12_KS_107,38.12596204,-96.30955756,4.06,0.002,28,7.14E-05
NLA12_KS_108,39.63835365,-95.45681141,8.9,0,261,0
NLA12_KS_109,39.34884684,-95.04339042,5.74,0,46,0
NLA12_KS_114,38.50796545,-94.67326537,4.65,0.024,46,0.000521739
NLA12_KS_121,38.46591903,-95.73481047,5.73,0.002,68,2.94E-05
NLA12_KS_122,39.499124,-98.3634546,6.14,0.002,60,3.33E-05
NLA12_KS_124,37.3942844,-96.84852194,4.32,0.01,103,9.71E-05
NLA12_KS_125,39.15644714,-94.78795224,3.42,0,16,0
NLA12_KS_126,37.49187855,-95.07715481,5.98,1.25,455,0.002747253
NLA12_KS_130,38.79840973,-94.76668793,6.61,0.104,45,0.002311111
NLA12_KS_138,37.63437988,-97.39649824,3.29,0,12,0
NLA12_KS_R02,38.12220448,-94.8915798,4.14,0,47,0
NLA12_KS_R07,37.10220721,-96.79578267,4.29,0.003,71,4.23E-05
NLA12_KS_R08,38.79133099,-95.97942873,4.78,0.002,37,5.41E-05
NLA12_KS_R11,37.23385644,-96.18525789,3.96,0.005,25,0.0002
NLA12_KY_101,36.67911865,-83.71182785,1.22,0.011,14.5,0.000758621
NLA12_KY_102,37.06736918,-87.66376146,3.85,0.027,25,0.00108
NLA12_KY_103,38.48626189,-82.87261725,2.25,0.02,22,0.000909091
NLA12_KY_104,36.50433221,-89.33692644,17.83,0,483,0
NLA12_KY_107,37.69858857,-84.22950013,3.655,0,47,0
NLA12_KY_114,37.33610144,-86.15640465,2.25,0.951,25,0.03804
NLA12_KY_116,37.35169484,-87.52614577,3.29,0.004,26,0.000153846
NLA12_KY_117,38.2111868,-85.40376582,4.39,0,75,0
NLA12_KY_120,36.87545566,-88.49023699,5.29,0.019,158,0.000120253
NLA12_KY_122,38.20711945,-85.14063673,2.99,0.158,95,0.001663158
NLA12_LA_101,31.66739711,-91.50773471,5.97,0,381,0
NLA12_LA_102,31.3826592,-92.72750943,7.48,0,112,0
NLA12_LA_103,30.53687948,-92.44030014,5.17,0.122,215,0.000567442
NLA12_LA_104,32.33548183,-93.42201588,16.11,0.003,66,4.55E-05
NLA12_LA_105,31.31650271,-92.73712184,5.85,0.002,68,2.94E-05
NLA12_LA_106,32.71181859,-91.70543665,10.58,0.002,109,1.83E-05
NLA12_LA_109,31.91895699,-91.22708935,5.18,0,397,0
NLA12_LA_134,29.87714604,-92.79850122,7.585,0.122,153,0.000797386
NLA12_LA_141,31.27688512,-91.63026546,15.46,0.003,3085,9.72E-07
NLA12_LA_152,30.8320389,-92.48221774,8.56,0.002,45,4.44E-05
NLA12_LA_154,32.35170266,-93.76873875,14.75,0.002,1054,1.90E-06
NLA12_LA_155,32.58069163,-93.2587742,5.42,0,23,0
NLA12_LA_161,31.49306187,-92.68523484,5.78,0,55,0
NLA12_LA_172,30.42278073,-91.16499276,5.75,0.002,427,4.68E-06
NLA12_MA_101,41.75998432,-70.65598838,2.355,0.003,34,8.82E-05
NLA12_MA_102,41.98955896,-71.20506636,3.98,0.003,14,0.000214286
NLA12_MA_103,42.31302099,-73.13713927,5.25,0.003,15,0.0002
NLA12_MA_104,42.69394175,-71.37031557,4.29,0.003,25,0.00012
NLA12_MA_105,42.64690672,-72.21849668,5.28,0.004,22.5,0.000177778
NLA12_MA_106,42.25891476,-71.93931,2.91,0.002,13,0.000153846
NLA12_MA_108,42.02607407,-70.88609036,3.93,0.002,48,4.17E-05
NLA12_MA_109,42.14480404,-72.5129138,2.63,0.003,7,0.000428571
NLA12_MA_110,42.30567112,-72.83293844,2.5,0,13,0
NLA12_MA_111,41.81248656,-70.63822658,1.5,0.003,29,0.000103448
NLA12_MD_101,39.70336556,-78.6529137,3.31,0.0025,5,0.0005
NLA12_MD_102,39.2161943,-76.85372655,4.25,0.02,81,0.000246914
NLA12_MD_103,39.68564758,-79.23041764,1.9,0.11,5,0.022
NLA12_MD_104,38.37558017,-75.60016513,3.46,0.682,165,0.004133333
NLA12_MD_105,38.42355954,-75.56048462,5.38,0.001,84,1.19E-05
NLA12_MD_108,39.13192095,-77.1313764,3.78,0.002,42,4.76E-05
NLA12_MD_115,38.32546039,-76.43280178,8.04,0,87,0
NLA12_MD_118,39.24393515,-75.8567384,2.03,5.6,50,0.112
NLA12_ME_101,44.87942422,-68.22634141,3.65,0.05,5,0.01
NLA12_ME_102,45.63439161,-70.36642133,6.2,0.05,8,0.00625
NLA12_ME_103,45.33651721,-70.66750065,4.9,0.05,6,0.008333333
NLA12_ME_104,46.37254151,-69.22930798,8.8,0.05,12,0.004166667
NLA12_ME_105,46.16781234,-69.00231021,6.7,0.05,13,0.003846154
NLA12_ME_106,44.5061147,-70.72230229,4,0.05,6,0.008333333
NLA12_ME_107,44.76671955,-67.69865499,3.1,0.05,4,0.0125
NLA12_ME_108,47.17249324,-68.24525882,3.7,0.05,9,0.005555556
NLA12_ME_109,44.85554819,-69.23749986,4.9,0.05,15,0.003333333
NLA12_ME_110,44.0417217,-70.52594229,2.4,0.05,6,0.008333333
NLA12_ME_113,45.28593111,-68.89350155,9.3,0.05,22,0.002272727
NLA12_ME_114,44.52528541,-69.98649383,3.8,0.05,6,0.008333333
NLA12_ME_115,45.77842979,-69.12446592,6.2,0.05,9,0.005555556
NLA12_ME_116,45.50588593,-69.95373547,4.8,0.05,13,0.003846154
NLA12_ME_118,44.21313172,-69.52650339,3.7,0.05,11,0.004545455
NLA12_ME_120,45.33344114,-69.26658734,6.7,0.05,10,0.005
NLA12_ME_121,43.84598141,-70.89131484,2.7,0.05,11,0.004545455
NLA12_ME_122,44.78163002,-67.20470823,6.4,0.05,11,0.004545455
NLA12_ME_126,44.87076276,-67.58003846,3.85,0.05,4.5,0.011111111
NLA12_ME_129,45.44708588,-68.1886754,6.8,0.05,13,0.003846154
NLA12_ME_130,44.4160406,-70.26430126,4.6,0.05,7,0.007142857
NLA12_ME_134,44.43398548,-69.38994854,4.1,0.05,10,0.005
NLA12_ME_135,46.03358616,-68.06506684,4.5,0.05,9,0.005555556
NLA12_ME_137,43.76837527,-70.60856237,6.6,0.05,16,0.003125
NLA12_ME_R02,44.40802473,-68.26846793,2.68,0.003,13,0.000230769
NLA12_ME_R03,45.65308983,-69.92693773,7.08,0.002,12,0.000166667
NLA12_ME_R06,46.94446563,-68.87102341,2.1,0.002,9,0.000222222
NLA12_ME_R07,46.35302208,-69.0573662,4.12,0.002,9,0.000222222
NLA12_ME_R08,45.34667189,-67.91202186,3.97,0.002,10,0.0002
NLA12_ME_R10,46.96580352,-68.85604358,2.84,0.002,10,0.0002
NLA12_ME_R11,44.36838057,-69.11599687,6.41,0.002,17,0.000117647
NLA12_ME_R15,45.7539699,-69.07586512,3.74,0.002,12,0.000166667
NLA12_MI_101,43.21860654,-85.46809659,6.17,0.001,16,0.0000625
NLA12_MI_102,43.94203389,-86.44955883,2.57,0.093,46,0.002021739
NLA12_MI_103,44.43034743,-83.92044853,8.51,0.002,29,6.90E-05
NLA12_MI_104,42.37792782,-86.04479965,7.46,0,18,0
NLA12_MI_105,43.2314452,-86.31568591,6.17,0.043,44,0.000977273
NLA12_MI_106,45.17151443,-84.98252331,6.34,0.002,36,5.56E-05
NLA12_MI_107,45.41585495,-84.84528421,3.64,0.002,31,6.45E-05
NLA12_MI_108,42.08123991,-86.21361091,5.13,0,14,0
NLA12_MI_109,42.62319809,-85.19033981,4.69,0,44,0
NLA12_MI_110,42.7448541,-83.30902829,8.68,0.002,10,0.0002
NLA12_MI_111,42.2158744,-83.58440358,5.93,0.234,36,0.0065
NLA12_MI_112,41.94278644,-85.31406375,5.63,0,38,0
NLA12_MI_113,43.62015035,-85.28522778,4.24,0,75,0
NLA12_MI_114,42.51653009,-83.79679212,7.09,0,51,0
NLA12_MI_115,42.18639352,-85.57428357,6.42,0.005,15,0.000333333
NLA12_MI_116,47.12988727,-88.31624411,16.05,0.002,36,5.56E-05
NLA12_MI_117,42.61885968,-83.50544419,4.72,0.002,18,0.000111111
NLA12_MI_118,46.1517719,-88.83001694,3.85,0.002,8,0.00025
NLA12_MI_120,41.79511788,-86.47416191,6.95,0,49,0
NLA12_MI_122,45.12471531,-84.17989786,2.61,0,21,0
NLA12_MI_123,41.88595109,-84.59594103,7.68,0.002,22,9.09E-05
NLA12_MI_124,43.37342619,-86.14530228,5.95,0.002,38,5.26E-05
NLA12_MI_125,46.79211529,-88.25774765,11.92,0.002,21,9.52E-05
NLA12_MI_126,44.88662282,-84.39873637,7.3,0.003,39,7.69E-05
NLA12_MI_128,42.20474298,-85.70757399,4.18,0,10,0
NLA12_MI_129,43.95733488,-85.00046365,5.23,0.002,21,9.52E-05
NLA12_MI_130,45.1352057,-85.10758971,3.54,0.305,34,0.008970588
NLA12_MI_132,45.45225051,-87.75739561,12.7,0.002,15,0.000133333
NLA12_MI_133,44.72909861,-84.92612676,2.43,0.002,25,0.00008
NLA12_MI_135,42.41405836,-83.93137109,8.55,0.002,22,9.09E-05
NLA12_MI_136,43.36480531,-85.37979014,12.83,0.002,17,0.000117647
NLA12_MI_137,46.27677652,-88.06319489,8.48,0,19,0
NLA12_MI_138,45.74250132,-84.41060851,14.91,0.002,34,5.88E-05
NLA12_MI_139,42.38808843,-84.90798786,19.085,0.001,33,3.03E-05
NLA12_MI_141,46.69731067,-88.08197567,5.23,0.002,19,0.000105263
NLA12_MI_142,43.48649233,-84.76870838,15.98,0,75,0
NLA12_MI_144,41.87226233,-85.86229695,5.21,0,26,0
NLA12_MI_145,43.7979845,-85.31301037,9.45,0.002,29,6.90E-05
NLA12_MI_148,45.95449781,-87.98000286,6.6,0.002,8,0.00025
NLA12_MI_150,46.50629005,-86.25490374,11.75,0,23,0
NLA12_MI_151,42.69438266,-84.53228457,5.07,0.002,10,0.0002
NLA12_MI_152,42.75737274,-85.63804424,24.53,0,30,0
NLA12_MI_155,42.47782363,-84.16713158,10.69,0.002,25,0.00008
NLA12_MI_161,44.24710638,-85.48183584,9.12,0.004,30,0.000133333
NLA12_MI_162,46.46325834,-85.71666173,3.12,0.002,5,0.0004
NLA12_MI_164,46.39966736,-87.44973497,11.86,0.002,47,4.26E-05
NLA12_MI_165,44.3550178,-85.30575995,6.87,0.004,17,0.000235294
NLA12_MI_167,42.9176234,-84.20373932,7.48,0.002,26,7.69E-05
NLA12_MI_168,42.78409894,-85.11502111,5.13,3.49,23,0.15173913
NLA12_MI_169,46.39989795,-88.75176293,15.95,0.003,41,7.32E-05
NLA12_MI_172,42.5677644,-85.45118289,5.46,0.002,16,0.000125
NLA12_MI_177,44.86768546,-86.0181976,3.29,0.002,23,8.70E-05
NLA12_MI_178,46.48448683,-86.10510095,4.02,0.005,60,8.33E-05
NLA12_MI_R08,46.38091128,-88.72244848,5.01,0.004,23,0.000173913
NLA12_MI_R09,46.08092364,-88.76960025,2.34,0.002,10,0.0002
NLA12_MN_101,47.58635938,-93.37906583,11.325,0.002,32,0.0000625
NLA12_MN_102,47.06932181,-92.00102773,8.61,0.004,44,9.09E-05
NLA12_MN_103,46.43683525,-93.95778597,8.98,0.007,36,0.000194444
NLA12_MN_104,46.70148609,-95.74794403,6.44,0.002,38,5.26E-05
NLA12_MN_105,47.94718951,-91.39257365,18.19,0.015,26,0.000576923
NLA12_MN_106,45.91935185,-95.39679944,6.82,0,48,0
NLA12_MN_107,45.10841972,-94.16285979,8.71,2.8,98,0.028571429
NLA12_MN_108,47.0737093,-94.60199282,4.56,0.002,21,9.52E-05
NLA12_MN_109,47.66784492,-90.98889692,11.53,0.014,25,0.00056
NLA12_MN_110,46.23642761,-94.33290643,10.9,0.003,40,0.000075
NLA12_MN_111,45.07573342,-93.12970047,7.33,0.003,20,0.00015
NLA12_MN_112,44.19518716,-93.9005398,15.72,0,159,0
NLA12_MN_113,44.43065079,-96.29029849,12.67,0,236,0
NLA12_MN_114,45.23853942,-94.95293761,14.89,0,159,0
NLA12_MN_115,46.41942533,-95.84002249,4.98,0.002,56,3.57E-05
NLA12_MN_116,44.90729392,-93.24242122,6.43,0.002,30,6.67E-05
NLA12_MN_118,44.94545187,-94.0350912,18.31,0.002,524,3.82E-06
NLA12_MN_119,45.40861219,-96.62584248,9.16,0.002,152,1.32E-05
NLA12_MN_120,46.97471381,-95.6549086,8.35,0,46,0
NLA12_MN_121,45.30812879,-95.10304092,11.61,0,54,0
NLA12_MN_122,44.99667926,-94.34099995,8.3,0.005,38,0.000131579
NLA12_MN_123,45.26728203,-96.37029506,5.235,0.2955,92,0.003211957
NLA12_MN_126,46.98806594,-94.46779773,9.09,0,28,0
NLA12_MN_127,46.12736157,-96.13317067,15.09,0,110,0
NLA12_MN_130,48.39551806,-92.65806118,14.39,0.004,31,0.000129032
NLA12_MN_131,47.64384931,-96.24137504,15.23,0.002,82,2.44E-05
NLA12_MN_132,45.52853972,-94.53488217,10.77,0.09,38,0.002368421
NLA12_MN_135,45.17625487,-95.15019259,19.15,0.003,259,1.16E-05
NLA12_MN_136,45.86625548,-95.29576378,7.99,0,82,0
NLA12_MN_137,47.11718744,-96.01183873,21.33,0,272,0
NLA12_MN_138,48.19502998,-90.87628104,18.97,0.013,28,0.000464286
NLA12_MN_141,46.39269586,-95.90356295,6.13,0.002,41,4.88E-05
NLA12_MN_143,46.73240071,-96.07604509,12.66,0,69,0
NLA12_MN_144,46.65012172,-94.12488338,7.71,0,25,0
NLA12_MN_145,45.18204986,-92.81783999,7.31,0,28,0
NLA12_MN_147,46.01981243,-92.58812118,7.33,0.002,45,4.44E-05
NLA12_MN_150,48.02221592,-91.43895436,19.52,0.003,17,0.000176471
NLA12_MN_152,45.42532395,-95.48193854,7.98,0,132,0
NLA12_MN_153,47.05748973,-95.78259373,7.27,0,22,0
NLA12_MN_157,46.2537416,-95.9373614,15.41,0.002,86,2.33E-05
NLA12_MN_158,47.66607411,-95.78566673,16.6,0,425,0
NLA12_MN_160,46.19672628,-94.57418003,9.43,0.002,40,0.00005
NLA12_MN_162,47.55974319,-93.03255611,16.8,0.004,23,0.000173913
NLA12_MN_163,45.47428943,-93.34520865,7.57,0,107,0
NLA12_MN_167,45.07766113,-94.8104013,8.59,0.002,172,1.16E-05
NLA12_MN_170,47.91117443,-90.48657814,7.98,0.003,32,0.00009375
NLA12_MN_171,45.50796963,-96.51288831,18.83,0.002,72,2.78E-05
NLA12_MN_177,44.2618758,-93.82457124,14.09,0.002,243,8.23E-06
NLA12_MN_180,45.85610163,-95.56327026,12.01,0.002,40,0.00005
NLA12_MN_181,47.24386707,-95.13155437,9.3,0.003,49,6.12E-05
NLA12_MN_R01,46.87323752,-95.73232612,5.93,0,11,0
NLA12_MN_R12,47.18720256,-95.18406203,7.14,0.005,25,0.0002
NLA12_MN_R13,47.04442303,-94.50397199,11.55,0.003,28,0.000107143
NLA12_MN_R14,46.83201964,-92.69504592,9.79,0.002,30,6.67E-05
NLA12_MO_101,37.80745621,-94.20729855,7.185,0,95.5,0
NLA12_MO_102,37.87140844,-93.28360934,4.24,0.005,48,0.000104167
NLA12_MO_103,39.41430868,-94.49779458,4.81,0,34,0
NLA12_MO_104,37.64948066,-90.58515268,3.11,0.025,25,0.001
NLA12_MO_105,38.0883808,-91.45203505,5.54,0.002,42,4.76E-05
NLA12_MO_106,36.91927707,-90.31725137,3,0.002,110,1.82E-05
NLA12_MO_107,36.59005203,-89.26963116,4.6,0,200,0
NLA12_MO_108,36.6598375,-91.8828209,4.05,0.0025,26.5,9.43E-05
NLA12_MO_109,39.15347063,-91.87233538,7.45,0.088,67,0.001313433
NLA12_MO_110,38.4288935,-91.48070368,5.52,0.002,29,6.90E-05
NLA12_MO_115,40.08080659,-93.57644014,6.15,0,50,0
NLA12_MO_117,37.91098069,-90.63089462,3.68,0,10,0
NLA12_MO_119,38.43441184,-93.877775,3.86,0,27,0
NLA12_MO_120,38.93934838,-91.28285684,7.29,0.002,69,2.90E-05
NLA12_MO_122,40.14196149,-92.57464272,10.57,0,235,0
NLA12_MO_123,38.62966176,-92.60391967,9.67,0,135,0
NLA12_MO_126,40.23250489,-92.69885469,12.98,0.002,392,5.10E-06
NLA12_MO_R01,37.72727909,-90.92263214,2.61,0.003,8,0.000375
NLA12_MO_R02,37.38849146,-91.26210909,2.81,0.004,18,0.000222222
NLA12_MS_101,31.70540961,-91.3744959,4.41,0,138.5,0
NLA12_MS_102,31.89191158,-90.60141761,8.01,0.002,36,5.56E-05
NLA12_MS_103,30.4715671,-88.61299272,6.71,0.022,54,0.000407407
NLA12_MS_104,33.14900152,-90.34987379,10.3,0.001,129,7.75E-06
NLA12_MS_105,31.30627821,-89.43517179,3.17,0.003,21,0.000142857
NLA12_MS_106,34.46148002,-89.68450516,3.08,0.019,33,0.000575758
NLA12_MS_107,34.7222327,-90.07422849,2.99,0,212,0
NLA12_MS_112,33.59308863,-88.51092696,7.09,0,37,0
NLA12_MS_113,34.65376674,-88.72219988,3.47,0.003,20,0.00015
NLA12_MS_116,34.0051522,-89.76398489,4.465,0.001,21.5,4.65E-05
NLA12_MS_119,32.9204524,-90.01403557,6.95,0,45,0
NLA12_MS_125,32.3095501,-89.02325769,9.61,0.024,1689,1.42E-05
NLA12_MS_126,30.82268187,-89.77545127,7.69,0,82,0
NLA12_MS_128,34.31385713,-88.59472024,5.77,0.002,20,0.0001
NLA12_MS_R03,33.42343029,-89.93919674,7.47,0,66,0
NLA12_MT_102,48.24728982,-114.1209126,2.29,0.001,23.5,4.26E-05
NLA12_MT_103,48.96610899,-109.7597298,18.14,0.002,339,5.90E-06
NLA12_MT_104,47.55763659,-112.4485198,3.31,0.002,29,6.90E-05
NLA12_MT_105,48.96435342,-115.1157742,0.99,0.003,20,0.00015
NLA12_MT_106,47.68287539,-112.4617662,2.1,0.002,11,0.000181818
NLA12_MT_107,48.24309476,-112.86716,18.96,0,42,0
NLA12_MT_108,48.89407384,-112.1682796,21.29,0,1344,0
NLA12_MT_109,48.49534907,-107.5492524,6.09,0,43,0
NLA12_MT_110,45.86918044,-113.5489263,2.67,0.002,23,8.70E-05
NLA12_MT_111,48.45099337,-114.3814277,1.62,0.002,16,0.000125
NLA12_MT_113,47.88139248,-112.3163074,1.44,0,17,0
NLA12_MT_118,48.83419438,-108.0100019,13.19,0.002,1378,1.45E-06
NLA12_MT_119,48.41240242,-110.0578148,31.4,0,390,0
NLA12_MT_120,48.6294753,-114.3920285,1.53,0.003,12,0.00025
NLA12_MT_124,46.11821631,-113.37464,1.13,0,16,0
NLA12_MT_126,48.98589819,-104.3737458,35.26,0,355,0
NLA12_MT_135,48.02656863,-109.6237599,9.86,0,343,0
NLA12_MT_136,48.95316293,-114.3227227,0.68,0.032,10,0.0032
NLA12_MT_138,47.76171554,-108.4328294,8.88,0,78,0
NLA12_MT_140,47.05943881,-113.9378325,0.69,0.002,8,0.00025
NLA12_MT_142,48.4922034,-104.3108863,24.64,0.002,103,1.94E-05
NLA12_MT_143,48.62106688,-113.1088007,15.79,0,29,0
NLA12_MT_144,46.31276308,-110.0325058,5.25,0.007,91,7.69E-05
NLA12_MT_151,48.38062147,-110.9852659,27.07,0,738,0
NLA12_MT_152,45.57835886,-113.0032413,1.36,0,11,0
NLA12_MT_154,48.84940875,-104.0593666,105.31,0,3436,0
NLA12_MT_156,46.6246241,-110.7383363,2.13,0.002,28,7.14E-05
NLA12_MT_160,46.04062349,-110.6921749,9.14,0.002,74,2.70E-05
NLA12_MT_161,48.05490061,-106.4419746,6.42,0,65,0
NLA12_MT_162,45.0394762,-109.7724842,0.68,0,8,0
NLA12_MT_164,48.16778753,-114.3675211,12.22,0,9.5,0
NLA12_MT_177,47.87668819,-107.1252315,16.64,0,46,0
NLA12_NC_101,35.76647764,-81.35761261,1.93,0.0095,46.5,0.000204301
NLA12_NC_103,35.05432224,-79.20656601,2.72,0.002,11,0.000181818
NLA12_NC_104,34.93290273,-77.10482994,9.33,0.196,36,0.005444444
NLA12_NC_105,35.18110441,-83.6799846,0.7,0.019,15,0.001266667
NLA12_NC_107,35.34715726,-78.62163532,6.73,0.02,26,0.000769231
NLA12_NC_108,35.72677802,-82.08422324,1.05,0.019,26,0.000730769
NLA12_NC_109,35.14832536,-82.7166084,1.52,0.019,12,0.001583333
NLA12_NC_114,35.85874627,-78.66155303,4.06,0.15,116,0.001293103
NLA12_NC_115,35.22405538,-78.81547137,17.38,0.004,58,6.90E-05
NLA12_NC_116,36.12929344,-79.83690419,5.82,0.0095,47.5,0.0002
NLA12_NC_124,35.11601421,-80.26303923,10.55,0.002,140,1.43E-05
NLA12_NC_127,35.21458872,-79.40360361,3.38,0.002,19,0.000105263
NLA12_NC_134,35.71052114,-78.15717765,7.13,0.002,45,4.44E-05
NLA12_ND_101,46.09722632,-97.23724726,12.115,0.0435,479.5,9.07E-05
NLA12_ND_102,48.24815308,-98.89816807,16.38,0,254,0
NLA12_ND_103,47.0742784,-99.63065416,24.46,0.002,88,2.27E-05
NLA12_ND_104,47.61488972,-100.8270091,10.12,0,274,0
NLA12_ND_105,48.03204771,-98.90839834,14.45,0.003,328,9.15E-06
NLA12_ND_106,48.327049,-100.7569373,17.89,0.011,89,0.000123596
NLA12_ND_107,45.95348274,-99.13577087,28.46,0,99,0
NLA12_ND_108,46.36670421,-99.50350622,20.52,0,603,0
NLA12_ND_109,46.89273141,-99.416505,25.39,0.002,176,1.14E-05
NLA12_ND_110,47.86474239,-101.5132965,23.24,0.007,203,3.45E-05
NLA12_ND_112,46.64003276,-99.58716111,19.11,0.079,147,0.000537415
NLA12_ND_113,48.89570001,-99.71279981,18.72,0,49,0
NLA12_ND_114,46.83158041,-99.7647378,10.88,0.002,153,1.31E-05
NLA12_ND_115,46.82604195,-100.6342083,16.41,0.0015,66,2.27E-05
NLA12_ND_118,46.36786408,-99.39845029,21.51,0.108,230,0.000469565
NLA12_ND_119,47.73683911,-100.4387591,29.36,0,840,0
NLA12_ND_126,48.74897872,-102.9425695,21.68,0,751,0
NLA12_ND_129,46.71384398,-100.1527425,19.09,0,839,0
NLA12_ND_131,46.61482047,-101.8950983,10.19,0.089,36,0.002472222
NLA12_ND_134,46.02278583,-99.29204583,20.25,0.002,302,6.62E-06
NLA12_ND_139,47.90420192,-101.0598295,25.53,0.018,131,0.000137405
NLA12_ND_145,47.08001327,-99.73058586,18.14,0,91,0
NLA12_ND_146,48.914933,-100.4334397,27.86,0,128,0
NLA12_ND_149,47.06803402,-99.0799129,33.74,0.002,1254,1.59E-06
NLA12_ND_151,47.2749168,-100.3980476,22.88,0,272,0
NLA12_ND_155,48.35144139,-102.1406782,41.64,2.12,3590,0.000590529
NLA12_ND_156,47.17037042,-99.24800631,23.79,0,432,0
NLA12_ND_160,47.17341262,-99.77111166,23.44,0,53,0
NLA12_ND_162,48.55085513,-99.92530218,19.75,0,88,0
NLA12_ND_163,46.54392165,-104.028258,23.33,0,138,0
NLA12_ND_164,47.13839584,-99.13252314,19.45,0,333,0
NLA12_ND_167,47.3986724,-100.8114446,32.43,0,322,0
NLA12_ND_172,47.20188944,-99.35239064,15.4,0,317,0
NLA12_ND_173,46.40002555,-99.28218473,15.3,0.023,81,0.000283951
NLA12_ND_178,48.95477319,-99.83321117,12.31,0,51,0
NLA12_ND_186,48.57418374,-103.6650787,12.65,0.003,68,4.41E-05
NLA12_ND_187,48.00697014,-101.5324187,12.16,0.002,43,4.65E-05
NLA12_ND_190,48.54728662,-99.18516789,25.48,0,359,0
NLA12_ND_193,47.08352059,-99.22730879,18.98,0.002,279,7.17E-06
NLA12_ND_194,48.72020198,-102.1149998,20.18,0,599,0
NLA12_ND_196,47.24136596,-99.83730412,16.79,0,91,0
NLA12_ND_198,48.87733825,-99.97954534,31.06,0,78,0
NLA12_ND_199,47.848299,-100.278256,26.81,0,61,0
NLA12_ND_202,48.6652108,-103.0632567,43.14,0,67,0
NLA12_ND_R17,46.74569439,-99.49689806,24.46,0,70,0
NLA12_ND_R18,47.12915154,-99.62037746,7.22,0.002,98,2.04E-05
NLA12_NE_101,40.06311139,-99.29220135,5.785,0.1115,243,0.000458848
NLA12_NE_102,42.53266913,-100.5913352,51.01,0,498,0
NLA12_NE_103,40.36174467,-100.7041992,4.65,0,310,0
NLA12_NE_104,41.76432182,-98.65979155,4.95,0.01,237,4.22E-05
NLA12_NE_105,42.50469691,-100.5300766,27.8,0,450,0
NLA12_NE_106,41.03542015,-96.83772744,8.11,0,144,0
NLA12_NE_107,41.7876174,-102.5218866,42.15,0,277,0
NLA12_NE_108,42.45261113,-100.6479949,15.77,0,673,0
NLA12_NE_109,41.03740677,-100.7757749,4.82,0.168,59,0.002847458
NLA12_NE_110,40.32809914,-96.53200107,21.96,0,1399,0
NLA12_NE_111,41.95667791,-103.5261925,8.44,0,140,0
NLA12_NE_112,42.92365358,-102.0414043,23.96,0.002,128,0.000015625
NLA12_NE_113,42.26770048,-99.24832415,50.62,0,268,0
NLA12_NE_114,41.32198742,-98.90067497,1.78,0.036,241,0.000149378
NLA12_NE_121,42.51739225,-100.5028037,48.76,0,374,0
NLA12_NE_125,42.55808515,-100.5237021,62.51,0,455,0
NLA12_NE_127,42.0197906,-102.436373,311.56,0,566,0
NLA12_NE_129,41.38619711,-96.48110256,4.76,0.002,242.5,8.25E-06
NLA12_NE_133,42.10977927,-98.56233501,24.11,0,96,0
NLA12_NE_135,41.92340362,-102.3884007,515.81,0,3636,0
NLA12_NE_149,40.94645984,-100.2425074,12.07,0,421,0
NLA12_NE_154,40.57928385,-96.84481374,12.56,0.005,873,5.73E-06
NLA12_NE_156,42.35166617,-101.2441503,37.5,0,1156,0
NLA12_NE_157,41.09244722,-96.35328376,4.27,0.002,47,4.26E-05
NLA12_NE_158,40.16908467,-96.83069073,8.55,1.5,697,0.00215208
NLA12_NE_160,41.93354662,-103.4942217,6.01,0,81,0
NLA12_NE_166,40.72029355,-99.69727541,6.37,0,104,0
NLA12_NE_170,40.76510679,-96.85405546,12.25,0,319,0
NLA12_NH_101,43.83668383,-71.09323178,2.755,0.0055,21,0.000261905
NLA12_NH_102,44.84033593,-71.13438995,6.83,0.004,20,0.0002
NLA12_NH_103,43.53695021,-71.5109902,2.21,0.002,6,0.000333333
NLA12_NH_104,43.14263278,-72.08689779,5.43,0.003,18,0.000166667
NLA12_NH_105,42.7329984,-72.10333954,6.48,0.004,27,0.000148148
NLA12_NH_107,42.94554682,-71.23683903,7.03,0.005,18,0.000277778
NLA12_NH_108,43.36765664,-71.24468602,5.49,0.002,27,7.41E-05
NLA12_NH_109,42.99011487,-72.07432508,1.94,0,7,0
NLA12_NH_111,43.38482901,-70.98609163,4.11,0.002,13,0.000153846
NLA12_NH_112,42.73918269,-71.9370297,3.705,0.003,13,0.000230769
NLA12_NH_115,43.80812429,-71.11845765,3.4,0.002,12,0.000166667
NLA12_NH_R04,43.02256679,-72.01641972,2.26,0.003,14,0.000214286
NLA12_NJ_101,40.95091108,-74.78413343,3.445,0.002,49.5,4.04E-05
NLA12_NJ_102,40.92768105,-74.53808878,7.14,0,158,0
NLA12_NJ_103,40.76302852,-74.28588089,5.17,0.072,57,0.001263158
NLA12_NJ_104,39.97091954,-74.5712097,6.22,0.003,39,7.69E-05
NLA12_NJ_105,41.14260568,-74.40940536,4.03,0.004,12,0.000333333
NLA12_NJ_106,41.03000369,-74.30117131,6.04,0.002,87,2.30E-05
NLA12_NJ_107,41.24716907,-74.52116845,3.57,0.002,49,4.08E-05
NLA12_NJ_108,39.84947938,-74.78728568,6.59,0.212,24,0.008833333
NLA12_NJ_118,40.79987801,-74.78468146,2.35,0.461,38,0.012131579
NLA12_NJ_119,41.05618106,-74.48217948,2.91,0.002,17,0.000117647
NLA12_NJ_131,39.4076583,-74.77816024,4.705,0.003,8,0.000375
NLA12_NJ_R01,41.1853168,-74.34725508,5.6,0.002,25,0.00008
NLA12_NM_104,35.97484061,-105.9169632,3.095,0,33,0
NLA12_NM_105,35.7589017,-105.1444719,18.96,0,77,0
NLA12_NM_117,36.89563356,-105.1370534,18.12,5.00E-04,26.5,1.89E-05
NLA12_NM_129,35.35167925,-103.4881351,6.17,0.005,24,0.000208333
NLA12_NM_132,36.83163302,-104.2263032,4.63,0.019,231,8.23E-05
NLA12_NM_133,36.88334317,-105.2471097,19.07,0,52,0
NLA12_NM_134,36.79890899,-108.1040209,1.67,0,17,0
NLA12_NM_138,35.98082795,-108.9316434,3.31,0.001,152,6.58E-06
NLA12_NM_150,36.7118285,-108.1531642,3.72,0,159,0
NLA12_NM_152,36.17599422,-104.8160803,18.45,0.052,256,0.000203125
NLA12_NM_160,35.66711339,-105.2417642,4.86,0.105,214,0.000490654
NLA12_NM_161,36.59549602,-105.4171201,2.8,0.002,16,0.000125
NLA12_NM_162,36.87227505,-106.9285162,8.43,0,56,0
NLA12_NV_101,41.92898525,-119.1790015,5.56,0.0885,501,0.000176647
NLA12_NV_102,37.90817585,-114.2671693,5.16,0,138,0
NLA12_NV_103,38.39816173,-115.117053,5.24,0,27,0
NLA12_NV_104,40.69658925,-118.2877882,6.26,0.002,125,0.000016
NLA12_NV_105,41.21823837,-116.5203252,4.34,0.002,246,8.13E-06
NLA12_NV_106,39.48435525,-118.7235713,3.2,0.255,173,0.001473988
NLA12_NV_109,40.04718141,-119.5715783,9.5,0,83,0
NLA12_NV_119,41.6332907,-118.3893572,3.38,0.002,137,1.46E-05
NLA12_NV_127,41.75740963,-115.7220267,5.97,0.004,43,9.30E-05
NLA12_NV_137,41.16858314,-119.8174513,2.26,0.047,230,0.000204348
NLA12_NV_141,39.54187799,-119.7789359,6.34,0.07,137,0.000510949
NLA12_NV_144,39.24114932,-117.1658183,1.43,0,20,0
NLA12_NV_167,41.19805974,-115.8922956,10.42,0,150,0
NLA12_NV_177,41.69458237,-118.7419158,3.48,0.008,88,9.09E-05
NLA12_NV_193,39.10754761,-119.9072662,4.79,0,21,0
NLA12_NV_R01,40.59285373,-115.3943332,0.93,0.002,12,0.000166667
NLA12_NY_0101,42.49915505,-77.1490251,2.41,0.0215,9,0.002388889
NLA12_NY_0102,44.03842234,-74.36720503,5.07,0.135,16,0.0084375
NLA12_NY_0103,42.02259255,-73.48550577,1.31,0.004,4,0.001
NLA12_NY_0104,43.62876093,-73.42646982,3.62,0.0775,54,0.001435185
NLA12_NY_0106,44.37867633,-74.36423487,3.52,0.002,14,0.000142857
NLA12_NY_0108,41.33989604,-73.67007006,5.83,0.002,124,1.61E-05
NLA12_NY_0109,44.73604256,-74.06546921,14.66,0.005,26,0.000192308
NLA12_NY_0110,43.8504499,-73.63471673,3.46,0.003,11,0.000272727
NLA12_NY_0111,43.24193911,-74.48992678,3.84,0.026,12,0.002166667
NLA12_NY_0112,42.32527988,-77.17720022,6,0.002,33,6.06E-05
NLA12_NY_R02,43.45530211,-73.58953255,3.33,0.002,12,0.000166667
NLA12_NY_R03,43.98761718,-73.57062703,3.27,0.002,9,0.000222222
NLA12_NY_R04,44.39373075,-75.67976887,10.07,0.002,136,1.47E-05
NLA12_NY_R06,43.32606664,-73.81278904,4.97,0,23,0
NLA12_NY_R07,42.14582693,-76.49743796,8.32,0.002,176,1.14E-05
NLA12_NY_R08,42.01444485,-74.05739193,3.31,0.002,17,0.000117647
NLA12_NY_R11,42.06057748,-74.17588801,1.52,0,9,0
NLA12_OH_101,40.36715267,-83.05951671,6.415,0.002,157,1.27E-05
NLA12_OH_102,40.37248248,-84.34011043,9.79,0.002,572,3.50E-06
NLA12_OH_103,40.03999071,-81.01388786,3.38,0,17,0
NLA12_OH_104,41.08846075,-82.7290152,6.19,0.01,88,0.000113636
NLA12_OH_105,40.49553571,-83.89988027,6.16,0.002,138,1.45E-05
NLA12_OH_106,39.77597099,-81.52247236,4.92,0,21,0
NLA12_OH_107,41.05750722,-81.34450481,5.75,0,128,0
NLA12_OH_112,41.23823423,-83.02039327,4.43,0.002,26,7.69E-05
NLA12_OH_113,40.76004634,-81.10117086,5.39,0.004,164,2.44E-05
NLA12_OH_115,39.65347461,-82.47378134,2.59,0,9,0
NLA12_OH_118,40.70340664,-83.37874497,1.875,0,9.5,0
NLA12_OH_122,39.66169251,-84.64620693,6.52,0.002,109,1.83E-05
NLA12_OH_127,39.05604224,-82.69067345,2.98,0.002,8,0.00025
NLA12_OH_134,40.17663921,-84.26522022,6.35,0.003,289,1.04E-05
NLA12_OH_136,41.11051556,-82.08387214,7.59,0,185,0
NLA12_OH_137,41.05566632,-81.54576139,5.14,0,41,0
NLA12_OH_R02,41.13160512,-81.23283319,7.04,0.002,10,0.0002
NLA12_OH_R03,41.44474462,-81.17478031,6.99,0.002,22,9.09E-05
NLA12_OK_101,34.95361555,-96.71815923,4.275,0.05,67,0.000746269
NLA12_OK_102,35.19672054,-98.48298246,6.04,0.05,128,0.000390625
NLA12_OK_103,36.15061114,-96.43967025,1.82,0.26,105,0.00247619
NLA12_OK_104,36.38379515,-96.26625326,4.55,0.1,5,0.02
NLA12_OK_105,35.49939033,-97.67805883,3.63,0.05,344,0.000145349
NLA12_OK_106,36.11465874,-98.59889361,2.77,0.05,71,0.000704225
NLA12_OK_107,35.75411523,-94.91494418,2.4,0.08,5,0.016
NLA12_OK_108,35.52319529,-96.31116548,5.61,0.05,5,0.01
NLA12_OK_109,36.70544343,-96.4191085,3.88,0.05,30,0.001666667
NLA12_OK_117,35.52878479,-98.02611684,8.27,0.05,490,0.000102041
NLA12_OK_118,35.17438787,-99.07748881,9.43,0.25,190,0.001315789
NLA12_OK_119,34.28477821,-97.17097192,5.74,0.05,17,0.002941176
NLA12_OK_120,36.82300133,-96.04758798,6.64,0.05,30,0.001666667
NLA12_OK_121,35.99293158,-96.87367696,7.33,0.13,119,0.001092437
NLA12_OK_122,34.37372835,-98.33928249,6.78,0.05,67,0.000746269
NLA12_OK_132,34.72904176,-97.77302237,8.42,0.05,5,0.01
NLA12_OK_133,36.38726912,-96.8232291,9.38,0.05,142,0.000352113
NLA12_OK_134,36.93107268,-96.1029813,4.88,0.12,87,0.00137931
NLA12_OK_135,35.41220255,-95.92927589,6.11,0.43,150,0.002866667
NLA12_OK_285,34.67080796,-96.65199926,10.8,0.05,32,0.0015625
NLA12_OK_286,36.39702172,-97.27510708,16.7,0.05,2150,2.33E-05
NLA12_OK_288,34.22797787,-96.41805312,8.31,0.05,7,0.007142857
NLA12_OK_291,35.45432098,-94.98689489,8.06,0.05,188,0.000265957
NLA12_OK_292,34.6436102,-97.85282397,12,0.05,209,0.000239234
NLA12_OK_293,35.44629551,-99.28949259,18.9,0.05,834,6.00E-05
NLA12_OK_296,35.17758601,-96.36676849,15.6,0.05,327,0.000152905
NLA12_OK_299,35.15514114,-94.98833478,3.815,0.05,8.5,0.005882353
NLA12_OK_302,36.66779936,-96.99672664,7.24,0.05,24,0.002083333
NLA12_OK_306,35.83096575,-97.27012902,7.98,0.05,5,0.01
NLA12_OK_311,34.97670154,-95.3476266,6.68,0.05,19,0.002631579
NLA12_OK_R01,34.49007432,-96.98402642,5.37,0.019,28,0.000678571
NLA12_OK_R09,34.51995876,-97.81886031,6.91,0,46,0
NLA12_OR_101,42.77430894,-118.4442146,10.66,0.004,332,1.20E-05
NLA12_OR_102,43.41399799,-119.4104723,7.13,0.326,452,0.000721239
NLA12_OR_103,44.011243,-121.742747,0.595,0.002,65.5,3.05E-05
NLA12_OR_104,44.09296976,-123.2760913,1.95,0.002,32,0.0000625
NLA12_OR_105,44.68126963,-118.0520874,2.41,0,48,0
NLA12_OR_106,44.31314071,-122.0454265,0.3,0.002,62,3.23E-05
NLA12_OR_107,43.63193717,-124.1791887,2.01,0.002,18,0.000111111
NLA12_OR_109,43.73000902,-122.0435795,0.51,0.002,9,0.000222222
NLA12_OR_110,43.37681333,-123.2640104,2.92,0.002,21,9.52E-05
NLA12_OR_111,42.91786524,-118.8540185,19.77,0.016,306,5.23E-05
NLA12_OR_112,43.93094187,-118.1543661,2.78,0.006,125,0.000048
NLA12_OR_113,42.15782464,-122.6076343,2.96,0,25,0
NLA12_OR_121,44.39992585,-121.8013897,3.315,0.001,39.5,2.53E-05
NLA12_OR_123,42.13001338,-122.4782769,1.99,0.002,37,5.41E-05
NLA12_OR_126,44.83363547,-121.8137759,1.14,0.002,26,7.69E-05
NLA12_OR_128,43.56495608,-121.9830847,1.18,0,23,0
NLA12_OR_129,43.85416637,-124.1467548,2.68,0.003,20,0.00015
NLA12_OR_131,44.54893671,-123.3427366,7.12,0.002,197,1.02E-05
NLA12_OR_133,43.59526826,-123.2788429,3.22,0.002,20,0.0001
NLA12_OR_144,43.76442253,-122.0086406,2.79,0,17,0
NLA12_OR_145,43.50524621,-124.2304141,4.71,0.002,12,0.000166667
NLA12_OR_154,44.36264218,-117.6939324,6.74,0.003,288,1.04E-05
NLA12_OR_155,42.41052213,-122.7698835,4.59,0.003,51,5.88E-05
NLA12_OR_158,45.56535236,-122.5630011,1.06,2.54,187,0.013582888
NLA12_OR_160,43.81091778,-121.9093017,2.04,0.002,30,6.67E-05
NLA12_OR_163,45.03695777,-122.265382,2.34,0.002,9,0.000222222
NLA12_OR_167,46.10040452,-123.9286129,4.21,0.002,117,1.71E-05
NLA12_OR_169,43.96521803,-122.6839683,1.27,0,25,0
NLA12_OR_173,44.77856094,-121.7858008,1.33,0.002,4,0.0005
NLA12_PA_101,40.360507,-78.10970726,3.14,0.68,17.5,0.038857143
NLA12_PA_102,40.1117666,-75.8615303,6.8,0.81,83,0.009759036
NLA12_PA_103,41.69578514,-75.13281395,4.91,0.04,35,0.001142857
NLA12_PA_105,41.97143708,-75.87981792,3.11,0.04,11,0.003636364
NLA12_PA_106,40.86163552,-75.61191223,1.92,0.35,7,0.05
NLA12_PA_107,40.16178738,-79.05238419,2.82,0.13,41,0.003170732
NLA12_PA_108,40.15293661,-74.79768626,3.57,0.065,26.5,0.00245283
NLA12_PA_109,41.34409259,-76.28316084,3.83,0.04,10,0.004
NLA12_PA_110,41.72867632,-75.69455486,6.25,0.04,77,0.000519481
NLA12_PA_111,41.23632668,-79.65610085,5.4,0.04,36,0.001111111
NLA12_PA_113,41.62272558,-80.30498498,4.15,0.04,13,0.003076923
NLA12_PA_114,41.63094162,-75.54850707,3.52,0.04,5,0.008
NLA12_PA_115,40.99943137,-80.49312977,3.65,0.04,17,0.002352941
NLA12_PA_117,40.92316393,-75.16195457,5.05,0.04,52,0.000769231
NLA12_PA_118,41.28167082,-75.48540368,3.02,0.04,14,0.002857143
NLA12_PA_119,40.15803635,-78.97299781,2.19,0.53,5,0.106
NLA12_PA_R10,40.67933272,-78.32911925,1.04,0.042,10,0.0042
NLA12_PA_R11,39.75769613,-79.55160947,1.44,0.008,22,0.000363636
NLA12_RI_102,41.56342191,-71.48058008,3.715,0.002,21.5,9.30E-05
NLA12_RI_103,41.989894,-71.596922,4.3,0.003,20,0.00015
NLA12_RI_104,41.89149766,-71.68263866,6.33,0.003,20,0.00015
NLA12_RI_108,41.7095419,-71.63385271,4.34,0.003,16,0.0001875
NLA12_RI_110,41.51503632,-71.58907041,20.45,0.004,36,0.000111111
NLA12_RI_111,41.77464309,-71.44686035,2.475,0.1525,30.5,0.005
NLA12_RI_112,41.83856383,-71.60512175,4.25,0.004,47,8.51E-05
NLA12_RI_113,41.45016196,-71.5139586,6.14,0.083,29,0.002862069
NLA12_SC_102,33.03614283,-79.984084,14.09,0.003,44,6.82E-05
NLA12_SC_103,35.06216037,-82.69528294,1.195,0.0105,18,0.000583333
NLA12_SC_104,34.35717311,-81.7628833,13.005,0.011,66.5,0.000165414
NLA12_SC_105,34.00001889,-80.9279379,3.18,0.019,61,0.000311475
NLA12_SC_106,35.1098162,-81.98461692,2.07,0,37,0
NLA12_SC_108,33.57494811,-81.88510289,2.63,0.129,32,0.00403125
NLA12_SC_112,33.67943225,-81.34046836,1.8,0.04,17,0.002352941
NLA12_SC_118,33.46313824,-80.3893452,3.53,0.01,51,0.000196078
NLA12_SC_127,32.94279129,-80.41743994,6.2,0,25,0
NLA12_SD_101,44.64709591,-100.7008666,3.78,0.0285,28,0.001017857
NLA12_SD_102,45.53499061,-98.61510704,15.66,0.133,709,0.000187588
NLA12_SD_103,44.87790723,-96.63402874,13.46,0.005,67,7.46E-05
NLA12_SD_104,45.18757228,-97.63194667,13.77,0,119,0
NLA12_SD_105,45.85351959,-99.256675,14.59,0.01,100,0.0001
NLA12_SD_106,45.44012115,-97.26227214,6.32,0.002,42,4.76E-05
NLA12_SD_107,43.76821042,-103.5171508,8.13,0.002,39,5.13E-05
NLA12_SD_108,45.77202719,-99.64103628,7.67,0.003,57,5.26E-05
NLA12_SD_109,44.32793752,-97.11673425,14.08,0,501,0
NLA12_SD_110,45.45326699,-97.66893772,18.36,0.002,167,1.20E-05
NLA12_SD_111,45.63874257,-97.34186672,17.99,0,162,0
NLA12_SD_114,43.57475963,-97.0587407,18.75,0,144,0
NLA12_SD_115,42.72586493,-96.80951269,17.445,0,240.5,0
NLA12_SD_119,43.18429344,-104.0197793,16.5,0,390,0
NLA12_SD_122,45.83652227,-97.52514003,17.36,0,147,0
NLA12_SD_124,45.87066253,-103.7050696,19.87,0.003,236,1.27E-05
NLA12_SD_126,45.49815844,-97.61396918,19.58,0,316,0
NLA12_SD_130,45.66600053,-97.23383272,13.29,0,126,0
NLA12_SD_131,43.07985221,-98.08073782,16.62,0,336,0
NLA12_SD_132,45.0770889,-101.643063,18.64,0,366,0
NLA12_SD_133,44.47740626,-99.31405069,15.98,0,304,0
NLA12_SD_134,45.55612315,-99.77590227,19.77,0,928,0
NLA12_SD_137,43.27872203,-99.65508754,19.97,0.003,475,6.32E-06
NLA12_SD_138,45.69877035,-97.44011662,8,0.022,49,0.00044898
NLA12_SD_140,45.60448724,-103.6125348,10.77,0,68,0
NLA12_SD_141,45.81116472,-99.28278555,20.95,0.013,39,0.000333333
NLA12_SD_143,43.89012129,-101.1518294,16.84,51.66,32,1.614375
NLA12_SD_146,45.74128962,-97.26709757,19.02,0.002,25,0.00008
NLA12_SD_147,43.20148574,-99.61980464,17.8,0.002,554,3.61E-06
NLA12_SD_150,45.75621315,-99.64575832,23.85,0,99,0
NLA12_SD_154,44.83195396,-97.72143694,21.39,0,753,0
NLA12_SD_157,45.91255997,-99.21601903,20.5,0,84,0
NLA12_SD_158,45.23398781,-96.5208005,13.61,0,610,0
NLA12_SD_162,44.20860117,-96.84466113,13.49,0,815,0
NLA12_SD_165,44.32204695,-99.73243077,16.96,0.003,357,8.40E-06
NLA12_SD_166,45.68365856,-97.44500099,8.62,0,71,0
NLA12_SD_168,45.46848158,-102.4051988,18.22,0,293,0
NLA12_SD_170,45.42085242,-97.50813452,24.6,0,137,0
NLA12_SD_172,44.87090089,-103.0033176,17.35,0,70,0
NLA12_SD_182,45.71082611,-97.4684742,8.93,0.021,35,0.0006
NLA12_SD_183,43.44309912,-99.25760578,4.1,0.031,41,0.000756098
NLA12_SD_189,44.8826344,-99.74168521,19.56,0.003,147,2.04E-05
NLA12_SD_198,44.59545614,-97.1985202,14.94,0.015,419,3.58E-05
NLA12_SD_212,45.09124999,-100.4923803,13.36,0.002,346,5.78E-06
NLA12_TN_101,35.37136692,-86.38150478,3.275,0.1125,219.5,0.000512528
NLA12_TN_103,36.04444348,-85.58629482,2.45,2.42,359,0.006740947
NLA12_TN_104,36.64153852,-81.93648268,1.77,0.022,13,0.001692308
NLA12_TN_106,35.12132203,-88.50247061,4.83,0.003,43,6.98E-05
NLA12_TN_108,35.67437636,-87.03244737,4.585,0.011,646,1.70E-05
NLA12_TN_113,35.2132032,-89.9349158,6.44,0,120,0
NLA12_TN_114,35.53344258,-88.79381612,7.81,0.014,46,0.000304348
NLA12_TN_119,36.30304042,-86.91714013,4.46,0.002,51,3.92E-05
NLA12_TN_122,35.34673245,-88.88488635,4.17,0.003,48,0.0000625
NLA12_TN_R01,35.10675102,-84.58794096,0.9,0.005,21,0.000238095
NLA12_TX_101,32.94442993,-96.45375244,6.1,0,256.5,0
NLA12_TX_103,35.58232959,-101.7171387,8.92,0,49,0
NLA12_TX_104,30.00954296,-97.82158001,6.92,0.002,111,1.80E-05
NLA12_TX_105,32.18872936,-95.47435666,6.69,0.002,35,5.71E-05
NLA12_TX_107,31.77914564,-99.48754057,10.92,0.002,43,4.65E-05
NLA12_TX_109,32.08995916,-95.89431333,10.02,0.002,35,5.71E-05
NLA12_TX_110,33.07855581,-96.98672572,4.48,0.002,26,7.69E-05
NLA12_TX_111,32.24025447,-101.3133027,17.94,0,28,0
NLA12_TX_112,31.14844072,-97.74526454,4.59,0,23,0
NLA12_TX_113,32.81786479,-94.66358144,6.8,0,60,0
NLA12_TX_114,32.83672651,-96.71957959,3.8,0.002,95,2.11E-05
NLA12_TX_116,32.5933156,-98.31780702,9.2,0.002,34,5.88E-05
NLA12_TX_117,33.06712109,-95.73801377,13.34,0.0035,414.5,8.44E-06
NLA12_TX_118,29.16088523,-95.32520155,7.57,0.002,86,2.33E-05
NLA12_TX_121,31.7872742,-96.06449217,11.73,0.002,204,9.80E-06
NLA12_TX_124,32.79752902,-98.98190835,6.05,0,25,0
NLA12_TX_128,32.66237175,-97.61238491,5.56,0,56,0
NLA12_TX_129,29.86638372,-95.17138389,14.65,0.004,59,6.78E-05
NLA12_TX_135,26.62195986,-98.06124241,19.86,0,114,0
NLA12_TX_136,32.49282566,-100.578457,11.83,0,113,0
NLA12_TX_137,31.91034371,-95.30185594,3.44,0.002,30,6.67E-05
NLA12_TX_141,31.70876097,-94.35710738,6.5,0.002,30,6.67E-05
NLA12_TX_144,31.88917209,-97.70249202,5.8,0,30,0
NLA12_TX_148,33.27090609,-98.15099199,5.74,0,64,0
NLA12_TX_152,32.58187778,-101.165507,26.79,0,486,0
NLA12_TX_157,32.82785688,-94.047393,13.59,0.003,58,5.17E-05
NLA12_TX_158,26.06969798,-97.56163797,4.87,0,88,0
NLA12_TX_159,30.00697302,-96.70980987,12.78,0.01,100,0.0001
NLA12_TX_160,32.8469031,-96.88653964,4.4,0.097,79,0.001227848
NLA12_TX_161,29.61660959,-95.64840829,5.32,0.026,171,0.000152047
NLA12_TX_165,33.83357441,-95.63207419,5.09,0,26,0
NLA12_TX_169,32.19966096,-94.907485,0.23,0.078,54,0.001444444
NLA12_TX_170,30.9634384,-95.90350405,9.54,0.003,84,3.57E-05
NLA12_TX_176,32.46570764,-96.20016563,12.44,0.078,130,0.0006
NLA12_TX_182,31.58749658,-98.62250327,6.49,0.003,39,7.69E-05
NLA12_TX_187,32.41566325,-96.05998989,9.2,0.002,167,1.20E-05
NLA12_TX_190,32.0726955,-97.12977293,3.55,0.008,30,0.000266667
NLA12_TX_195,33.51617531,-94.12513187,6.68,0,89,0
NLA12_TX_196,31.33182559,-97.26843785,6.03,0.003,88,3.41E-05
NLA12_TX_199,32.04833893,-95.99865481,26.38,0.005,525,9.52E-06
NLA12_TX_201,30.55887079,-95.49710901,8.28,0.005,43,0.000116279
NLA12_TX_202,32.05630851,-96.73178299,10.09,0.003,116,2.59E-05
NLA12_TX_205,29.12694253,-95.58166196,10.57,0.002,17,0.000117647
NLA12_TX_218,33.5630296,-97.01641569,6.89,0,122,0
NLA12_TX_232,33.17048801,-95.09123194,9.53,0.002,35,5.71E-05
NLA12_TX_234,32.10705826,-97.88118693,7.88,0.003,54,5.56E-05
NLA12_TX_235,31.9239003,-94.08029271,11.2,0.021,88,0.000238636
NLA12_TX_R02,31.11366834,-94.14304379,5.3,0.002,41,4.88E-05
NLA12_TX_R08,33.73234967,-95.99468577,6.79,0.002,113,1.77E-05
NLA12_TX_R09,33.7351029,-95.92578522,5.42,0,27,0
NLA12_UT_101,37.52243125,-112.7718285,2.505,0.001,16.5,6.06E-05
NLA12_UT_102,40.17574563,-110.4823139,2.78,0.002,21,9.52E-05
NLA12_UT_103,41.51882171,-111.7364334,1.8,0.002,23,8.70E-05
NLA12_UT_104,41.37535097,-112.0897045,3.01,0.039,65,0.0006
NLA12_UT_105,40.942526,-111.4050319,3.23,0.002,23,8.70E-05
NLA12_UT_108,38.60046835,-111.841172,4.39,0.019,80,0.0002375
NLA12_UT_109,40.72381895,-109.183908,16.33,0,96,0
NLA12_UT_110,40.87400683,-109.1380738,5,0,25,0
NLA12_UT_112,40.51101829,-111.5858985,4.03,0,60,0
NLA12_UT_118,40.8207594,-110.3898186,1.66,0.002,23,8.70E-05
NLA12_UT_122,40.83133152,-110.0193773,2.07,0.002,10,0.0002
NLA12_UT_125,39.1695073,-111.4507206,2.82,0.002,20,0.0001
NLA12_UT_126,41.92315669,-111.6571345,1.83,0.003,12,0.00025
NLA12_UT_128,40.63982287,-112.3104436,8.25,0,72,0
NLA12_UT_137,37.82193983,-112.7212944,8.53,0.002,147,1.36E-05
NLA12_UT_141,38.8475374,-111.9613903,3.7,0.56,193,0.002901554
NLA12_UT_147,40.68036901,-111.097613,6.2,0,14,0
NLA12_UT_148,41.80681225,-111.8970124,6.99,0,265,0
NLA12_UT_159,40.70452574,-110.9631214,2.82,0.002,11,0.000181818
NLA12_UT_160,41.70168986,-113.9596706,2.26,0,30,0
NLA12_UT_165,38.04946334,-111.6019686,6.25,0.002,41,4.88E-05
NLA12_UT_167,39.36385445,-110.8011068,5.91,0.005,27,0.000185185
NLA12_UT_169,39.20473742,-111.6689123,2.02,0.005,23,0.000217391
NLA12_UT_173,37.25249786,-113.7781188,2.29,0.002,36,5.56E-05
NLA12_UT_186,38.23508748,-112.4630091,3.05,0.005,118,4.24E-05
NLA12_UT_196,39.70682362,-111.2933692,2.86,0.002,17,0.000117647
NLA12_UT_203,40.58885713,-111.5899784,1.63,0.007,6,0.001166667
NLA12_UT_210,38.78818748,-111.7748779,3.53,0.002,51,3.92E-05
NLA12_UT_218,40.4581066,-111.4811121,2.79,0.002,28,7.14E-05
NLA12_UT_222,38.62493587,-112.4333455,13.22,0,83,0
NLA12_UT_229,40.88926752,-109.8461084,6.39,0.004,37,0.000108108
NLA12_UT_260,39.14241052,-111.452546,3.07,0.003,21,0.000142857
NLA12_UT_264,38.07061898,-111.3751268,1.89,0.004,104,3.85E-05
NLA12_UT_290,40.8739496,-109.1483089,5.35,0.003,66,4.55E-05
NLA12_UT_294,40.75243409,-111.7195606,1.94,0,24,0
NLA12_UT_324,40.67460225,-110.9706993,3.05,0.003,19,0.000157895
NLA12_UT_325,40.9060993,-111.5911941,3.04,0.007,31,0.000225806
NLA12_UT_343,40.9225409,-110.1185889,7.57,0.012,85,0.000141176
NLA12_UT_359,40.35063701,-109.941191,12.35,0.002,542,3.69E-06
NLA12_UT_374,39.10008113,-111.2003351,2.17,0.012,25,0.00048
NLA12_UT_392,39.36035119,-111.9637079,4.42,0.015,55,0.000272727
NLA12_UT_397,37.59556184,-112.2546686,3.38,0.003,16,0.0001875
NLA12_UT_400,40.05768033,-110.627715,13.58,0,1208,0
NLA12_UT_409,40.71105895,-111.9468346,5.13,0.342,237,0.001443038
NLA12_UT_412,40.86378075,-109.8118146,3.55,0,54,0
NLA12_UT_424,40.6710886,-109.9197001,3.87,0,43,0
NLA12_VA_101,37.29244811,-77.89349456,5.73,0.001,152.5,6.56E-06
NLA12_VA_102,37.12263436,-77.63606476,8.83,0.002,70,2.86E-05
NLA12_VA_103,38.96474349,-77.33558453,4.09,0,24,0
NLA12_VA_104,36.94402045,-82.20326629,2.46,0.003,19,0.000157895
NLA12_VA_105,38.21768841,-77.66992533,5.97,0.002,80,0.000025
NLA12_VA_106,37.30188244,-76.82107103,9,0.002,64,0.00003125
NLA12_VA_108,37.2141479,-78.62552714,2.43,0.005,61,8.20E-05
NLA12_VA_109,37.35262917,-79.92640549,3.135,0.0175,60,0.000291667
NLA12_VA_110,38.6132069,-77.35177584,6.51,0,19,0
NLA12_VA_111,37.20263314,-77.35292656,9.34,0.004,114,3.51E-05
NLA12_VA_112,36.70331908,-76.61370171,5.61,0.004,24,0.000166667
NLA12_VA_114,37.97534621,-78.42805404,4.53,0.001,35,2.86E-05
NLA12_VA_116,36.93851006,-79.92845969,1.83,0.02,37,0.000540541
NLA12_VA_118,38.66358751,-77.66841941,12.18,0.013,426,3.05E-05
NLA12_VA_119,37.29642181,-76.61317204,5.57,0.002,124,1.61E-05
NLA12_VA_121,37.75190637,-76.93373313,5.99,0.004,96,4.17E-05
NLA12_VA_123,36.91780892,-76.15174455,10.84,0.009,112,8.04E-05
NLA12_VA_125,36.67434057,-80.39017008,1.5,0.284,27,0.010518519
NLA12_VA_126,38.55750724,-78.96983242,4.04,0.128,40,0.0032
NLA12_VA_127,37.15479457,-77.52050059,7.57,0.005,81,6.17E-05
NLA12_VA_130,37.99359532,-78.17761298,5.26,0,61,0
NLA12_VA_R01,37.0434,-80.86760868,2.54,0.002,9,0.000222222
NLA12_VA_R05,37.35866948,-76.84210284,4.13,0.002,12,0.000166667
NLA12_VA_R06,37.313394,-76.708333,3.18,0,15,0
NLA12_VA_R14,36.74988308,-79.87361354,2.14,0.003,13,0.000230769
NLA12_VA_R17,36.95945142,-81.80846875,2.86,0.002,9,0.000222222
NLA12_VA_R18,37.41265564,-76.71046399,9.13,0,103,0
NLA12_VT_101,44.44652025,-71.81189261,5.44,0.0025,16,0.00015625
NLA12_VT_102,44.71962755,-72.23382351,3.23,0.007,14,0.0005
NLA12_VT_103,44.67386066,-73.36140792,3.17,0.038,20,0.0019
NLA12_VT_104,43.89113168,-73.0524672,3.01,0.078,9,0.008666667
NLA12_VT_106,44.77783926,-71.79916952,7.29,0.003,20,0.00015
NLA12_VT_109,42.7469444,-72.83550844,5.7,0.002,19,0.000105263
NLA12_VT_110,44.74644759,-72.59930665,2.76,0,9,0
NLA12_VT_112,44.41873636,-72.94729757,4.065,0.002,17.5,0.000114286
NLA12_VT_114,44.95572697,-71.71766789,3.01,0.009,10,0.0009
NLA12_VT_115,44.42819135,-72.23012775,8.61,0.006,31,0.000193548
NLA12_VT_R01,44.76282381,-71.95376535,2.51,0.022,12,0.001833333
NLA12_VT_R02,43.49666793,-72.91829204,2.64,0,5,0
NLA12_WA_101,46.42201675,-124.0356028,8.5,0.0015,26,5.77E-05
NLA12_WA_102,47.31085035,-121.29956,7.34,0.002,180,1.11E-05
NLA12_WA_103,47.12004952,-122.577182,2.29,0.002,9,0.000222222
NLA12_WA_104,47.07694132,-119.324822,2.8,0.014,99,0.000141414
NLA12_WA_106,46.49649104,-122.4113066,6.5,0.019,53,0.000358491
NLA12_WA_107,45.61684794,-122.4258001,3.08,0.258,74,0.003486486
NLA12_WA_108,48.15395251,-117.3185295,3.76,0,38,0
NLA12_WA_109,48.70871678,-122.3273101,3.85,0.002,15,0.000133333
NLA12_WA_110,47.40945996,-122.7841888,2.56,0,19,0
NLA12_WA_111,47.91608833,-120.1596049,6.82,0,16,0
NLA12_WA_112,48.41822976,-117.6640697,8.82,0.003,93,3.23E-05
NLA12_WA_114,47.03340588,-122.9080173,1.58,0.374,92,0.004065217
NLA12_WA_115,48.95919311,-118.1271161,5.73,0.002,50,0.00004
NLA12_WA_116,46.94126809,-119.27853,5.16,0.164,22,0.007454545
NLA12_WA_118,47.35148384,-121.9912542,0.48,0.516,28,0.018428571
NLA12_WA_120,48.29227506,-118.32282,3.25,0.003,50,0.00006
NLA12_WA_121,47.85188997,-122.2449986,4.21,0.028,9,0.003111111
NLA12_WA_124,48.03662397,-118.8932554,7.82,0.002,25,0.00008
NLA12_WA_125,47.13372828,-124.0473316,0.48,0.14,72,0.001944444
NLA12_WA_126,48.40619468,-117.180602,2.47,0.003,40,0.000075
NLA12_WA_129,46.15548587,-121.701039,0.29,0.006,85,7.06E-05
NLA12_WA_131,48.39574918,-120.1848543,12.07,0.003,95,3.16E-05
NLA12_WA_133,48.56842531,-123.0735207,11.65,0.0035,57.5,6.09E-05
NLA12_WA_138,47.59338259,-122.1245929,4.31,0.002,12,0.000166667
NLA12_WA_141,47.24381556,-122.757955,4.41,0.002,23,8.70E-05
NLA12_WA_146,46.42220235,-121.5971666,0.7,0.002,34,5.88E-05
NLA12_WA_147,48.23081534,-119.7765868,5.28,0.002,41,4.88E-05
NLA12_WA_151,48.687922,-121.6679362,0.4,0.002,15,0.000133333
NLA12_WA_154,46.83110249,-122.4473471,4.53,0,53,0
NLA12_WA_157,47.47102321,-123.1739311,2.05,0.002,25,0.00008
NLA12_WA_159,46.62199741,-120.5560269,2.85,0.084,67,0.001253731
NLA12_WA_R08,47.13311657,-119.9153732,4.11,0.003,69,4.35E-05
NLA12_WA_R09,47.58873889,-119.3227985,1.79,0,79,0
NLA12_WA_R10,46.95906591,-119.2902715,8.35,0.003,20,0.00015
NLA12_WA_R11,48.86544591,-121.6771636,1.56,0,8,0
NLA12_WI_101,42.96455549,-89.25380131,6.65,NA,74.5,NA
NLA12_WI_102,43.09787438,-88.4621617,6.2,NA,10,NA
NLA12_WI_103,45.31579972,-92.56438162,3.1,NA,77,NA
NLA12_WI_104,46.00615673,-89.50723347,4,NA,13,NA
NLA12_WI_106,45.76452987,-90.66040551,18,NA,24,NA
NLA12_WI_107,43.54654689,-89.3528689,6.1,NA,27,NA
NLA12_WI_108,45.32642671,-92.42532377,5.4,NA,56,NA
NLA12_WI_109,45.71958321,-89.88146231,12,NA,49,NA
NLA12_WI_110,44.32353747,-89.19098336,3,NA,15,NA
NLA12_WI_111,44.8891413,-88.47492666,9,NA,13,NA
NLA12_WI_112,45.62088904,-88.07300702,9.65,NA,12.5,NA
NLA12_WI_113,43.81355964,-89.30356704,3.9,NA,12,NA
NLA12_WI_115,45.89865584,-89.6943733,15,NA,32,NA
NLA12_WI_117,44.0425333,-89.21610906,8.3,NA,18,NA
NLA12_WI_120,42.97222963,-87.93633533,21,NA,44,NA
NLA12_WI_122,43.17776764,-90.67162718,6,NA,31,NA
NLA12_WI_127,44.77019577,-91.92981181,12,NA,232,NA
NLA12_WI_128,44.67992189,-88.71573368,7.2,NA,60,NA
NLA12_WI_129,43.42203813,-87.95943869,9,NA,25,NA
NLA12_WI_131,45.97188548,-89.38901466,5.2,NA,24,NA
NLA12_WI_132,44.69847871,-87.49992572,10,NA,109,NA
NLA12_WI_133,44.29583634,-87.73414988,16,NA,25,NA
NLA12_WI_134,42.94678195,-89.4096945,25,NA,1730,NA
NLA12_WI_135,46.55919455,-91.39356434,7.8,NA,20,NA
NLA12_WI_136,43.05664122,-88.45502863,6.9,NA,21,NA
NLA12_WI_138,45.19365958,-90.44187712,7,NA,17,NA
NLA12_WI_140,42.99825202,-89.29085205,7,NA,75,NA
NLA12_WI_142,46.25160505,-90.36722351,33,NA,36,NA
NLA12_WI_144,44.92260841,-89.03917287,11,NA,28,NA
NLA12_WI_147,46.3452418,-91.75370431,14,NA,39,NA
NLA12_WI_151,45.73469469,-91.57086287,7.3,NA,21,NA
NLA12_WI_152,42.59803618,-88.61516896,4.7,NA,24,NA
NLA12_WI_153,44.43390781,-92.07106181,14,NA,155,NA
NLA12_WI_154,45.39105151,-89.17936483,18,NA,35,NA
NLA12_WI_155,45.38632167,-92.47540024,4.6,NA,20,NA
NLA12_WI_157,43.53712279,-90.95935275,3.1,NA,35,NA
NLA12_WI_161,44.3329463,-89.18303988,3.2,NA,24,NA
NLA12_WI_163,46.47406064,-92.04491337,22,NA,59,NA
NLA12_WI_166,43.19283315,-90.42159914,3,NA,70,NA
NLA12_WI_168,42.50962706,-88.26962301,5.4,NA,17,NA
NLA12_WI_170,45.57708435,-89.1648747,11,NA,21,NA
NLA12_WI_171,45.7344156,-92.53857737,7.3,NA,12,NA
NLA12_WI_172,43.49766607,-89.29875291,4.2,NA,132,NA
NLA12_WI_173,43.60640518,-90.09230591,4,NA,86,NA
NLA12_WI_174,46.25445969,-89.84834363,12,NA,27,NA
NLA12_WI_176,45.41937109,-87.91729236,6.3,NA,10,NA
NLA12_WI_179,45.80478692,-89.71210018,4.1,NA,9,NA
NLA12_WI_181,44.07085734,-87.73427579,11,NA,24,NA
NLA12_WI_183,46.17950483,-90.98648796,3.8,NA,9,NA
NLA12_WI_188,42.73179781,-88.94241893,18,NA,217,NA
NLA12_WI_R06,46.13856683,-89.55280909,7.46,0.001,19,5.26E-05
NLA12_WI_R08,44.98525558,-88.71706451,5.05,0.019,24,0.000791667
NLA12_WI_R11,45.24419324,-88.70016387,8.12,0.019,36,0.000527778
NLA12_WI_R12,46.05021865,-89.86417404,5.36,0,23,0
NLA12_WI_R13,45.98604436,-89.80657406,5.24,0.002,17,0.000117647
NLA12_WV_101,39.46941047,-79.49872597,2.14,0.002,8,0.00025
NLA12_WV_102,38.8217063,-80.58970118,1.67,0.01,16,0.000625
NLA12_WV_105,38.36552067,-81.25277547,2.3,0.003,36,8.33E-05
NLA12_WV_106,38.94576507,-80.42780497,2.25,0,14,0
NLA12_WV_111,39.51588788,-80.4100598,2.76,0.002,11,0.000181818
NLA12_WV_112,38.83710051,-82.12452034,4.685,0.001,89.5,1.12E-05
NLA12_WV_113,38.49141175,-79.31478115,2.4,0.002,26,7.69E-05
NLA12_WV_115,39.13365249,-78.59720705,3.1,0.002,14,0.000142857
NLA12_WV_R01,37.97490526,-80.95380017,1.91,0.002,7,0.000285714
NLA12_WY_101,44.78618159,-109.2581674,1.595,0.004,25,0.00016
NLA12_WY_102,45.26371788,-108.0421145,3.69,0.013,82,0.000158537
NLA12_WY_103,42.94833295,-109.8038839,1.11,0.002,12,0.000166667
NLA12_WY_104,44.4786195,-106.7522443,3.09,0.002,15,0.000133333
NLA12_WY_105,42.27144044,-109.4346462,3.5,0.005,52,9.62E-05
NLA12_WY_107,41.12628679,-104.6433761,9.76,0.237,1528,0.000155105
NLA12_WY_115,41.15233931,-110.8249531,6.8,0.004,51,7.84E-05
NLA12_WY_116,42.80153184,-109.4608964,6.32,0,31,0
NLA12_WY_117,42.73351246,-109.0932442,0.77,0.003,15,0.0002
NLA12_WY_120,43.29630511,-109.845187,0.76,0.043,18,0.002388889
NLA12_WY_124,43.89903221,-110.6733784,1.605,0.0025,42,5.95E-05
NLA12_WY_125,43.16510906,-109.8031724,1.12,0.006,29,0.000206897
NLA12_WY_130,42.54705507,-107.1498507,18.93,0.002,44,4.55E-05
NLA12_WY_131,41.94495085,-110.6568886,2.46,0.002,36,5.56E-05
NLA12_WY_133,42.71197472,-109.1788711,0.51,0,14,0
NLA12_WY_135,41.51119946,-105.4171502,4.89,0.008,64,0.000125
NLA12_WY_137,44.78132376,-109.2547289,3.76,0.002,33,6.06E-05
NLA12_WY_147,42.04937237,-110.0809239,3.47,0.002,36,5.56E-05
NLA12_WY_151,41.20465089,-106.2591701,4.4,0.003,30,0.0001
NLA12_WY_R01,43.64344358,-110.7963554,0.98,0.003,9,0.000333333
NLA12_WY_R02,42.99621976,-109.888709,2.79,0.002,12,0.000166667
NLA12_WY_R04,44.49478161,-110.4302646,11.2,0.002,34,5.88E-05
NLA12_WY_R08,41.36491157,-106.3458452,1.65,0,7,0
