"SITE_ID","DOC_Median","TN_Median","NO3_Median","TP_Median","TNtoTP_Median","NO3toTP_Median"
"IAW02344-0096",2.61,23300,96385.2,48,485.4166667,32.3875
"IAW02344-0097",1.77,8644,36902.4,287,30.1184669,2.073867596
"IAW02344-0098",2.28,9838,41118.4,15,655.8666667,44.21333333
"IAW02344-0099",3.41,2214,8208.8,24,92.25,5.516666667
"IAW02344-0100",2,5288,21631.8,81,65.28395062,4.307407407
"IAW02344-0102",2.85,6250,26883.2,61,102.4590164,7.108196721
"IAW02344-0103",6.18,1938,4674.8,403,4.808933002,0.187096774
"IAW02344-0104",2.48,16588,71957.2,84,197.4761905,13.81666667
"IAW02344-0105",2.54,10750,43914.6,225,47.77777778,3.148
"IAW02344-0106",1.34,15925,66581.8,182,87.5,5.900549451
"IAW02344-0108",2.59,3638,14551.4,102,35.66666667,2.300980392
"IAW02344-0109",2.11,4638,18817,77,60.23376623,3.941558442
"IAW02344-0110",2.17,5363,21836.4,83,64.61445783,4.243373494
"IAW02344-0111",4.33,10475,42445.2,593,17.66441821,1.154468803
"IAW02344-0112",3.86,13138,54516.6,45,291.9555556,19.54
"IAW02344-0113",2.36,20250,85070.2,153,132.3529412,8.967973856
"IAW02344-0114",6.43,5863,19864.8,557,10.52603232,0.575224417
"IAW02344-0115",2.44,5063,21532.6,141,35.90780142,2.463120567
"IAW02344-0117",3.23,9094,37094.6,423,21.49881797,1.414420804
"IAW02344-0118",2.32,6413,26753,103,62.26213592,4.189320388
"IAW02344-0119",2,3450,14371.6,116,29.74137931,1.998275862
"IAW02344-0120",1.79,15588,66203.6,97,160.7010309,11.00824742
"IAW02344-0121",4.53,14475,61125.8,25,579,39.436
"IAW02344-0122",2.62,13250,56004.6,189,70.10582011,4.779365079
"IAW02344-0123",1.88,9225,40517,194,47.55154639,3.368556701
"IAW02344-0125",2.28,2214,8332.8,82,27,1.63902439
"IAW02344-0128",1.89,21538,90061.2,134,160.7313433,10.84029851
"IAW02344-0130",2.84,11988,49265.2,147,81.55102041,5.405442177
"IAW02344-0132",3.8,13338,55062.2,37,360.4864865,24.0027027
"IAW02344-0133",1.59,6838,27776,91,75.14285714,4.923076923
"IAW02344-0134",4.67,639,1302,65,9.830769231,0.323076923
"IAW02344-0135",7.04,5581,18550.4,129,43.26356589,2.319379845
"IAW02344-0139",4.68,887,1159.4,103,8.611650485,0.181553398
"IAW02344-0232",1.52,19125,79732,68,281.25,18.91176471
"IAW02344-0250",4.5,12550,51788.6,56,224.1071429,14.91607143
"IAW02344-0253",2.93,10344,43964.2,168,61.57142857,4.220833333
"IAW02344-0261",2.41,8763,35594.2,129,67.93023256,4.450387597
"NEWS04-0101",4.66,150,93,1,150,1.5
"NEWS04-0108",1.75,245,855.6,6,40.83333333,2.3
"NEWS04-0203",4.92,351,967.2,4,87.75,3.9
"NEWS04-0305",10.98,401,235.6,5,80.2,0.76
"NEWS04-0401",7.45,268,93,6,44.66666667,0.25
"NEWS04-0502",5.68,439,948.6,8,54.875,1.9125
"NEWS04-0602",6.45,285,80.6,4,71.25,0.325
"NEWS04-0703",2.66,275,744,2,137.5,6
"NEWS04-0806",6.23,715,117.8,192,3.723958333,0.009895833
"NEWS04-0905",4.06,405,514.6,23,17.60869565,0.360869565
"NEWS04-1001",7.5,375,204.6,17,22.05882353,0.194117647
"NEWS04-1105",6.24,283,43.4,1,283,0.7
"NEWS04-1106",6.52,290,291.4,2,145,2.35
"NEWS04-1202",5.02,270,285.2,3,90,1.533333333
"NEWS04-1302",5.05,178,37.2,1,178,0.6
"NEWS04-1303",7.88,483,663.4,5,96.6,2.14
"NEWS04-1410",9.73,304,99.2,3,101.3333333,0.533333333
"NEWS04-1702",4.14,320,452.6,19,16.84210526,0.384210526
"NEWS04-1801",3.73,341,750.2,4,85.25,3.025
"NEWS04-1901",1.67,159,86.8,21,7.571428571,0.066666667
"NEWS04-1903",3.23,115,99.2,1,115,1.6
"NEWS04-2002",5.55,212,136.4,2,106,1.1
"NEWS04-2101",8.71,283,0,5,56.6,0
"NEWS04-2301",1.51,239,731.6,2,119.5,5.9
"NEWS04-2302",1.23,109,291.4,1,109,4.7
"NEWS04-2401",5.1,308,359.6,10,30.8,0.58
"NEWS04-2502",3.81,268,217,9,29.77777778,0.388888889
"NEWS04-2805",0.98,324,1264.8,1,324,20.4
"NEWS04-2907",1.89,213,489.8,2,106.5,3.95
"NEWS04-3004",3.35,671,1798,28,23.96428571,1.035714286
"NEWS04-3102",12.55,603,874.2,27,22.33333333,0.522222222
"NEWS04-3206",2.63,436,1364,8,54.5,2.75
"NEWS04-3303",4.94,271,0,8,33.875,0
"NEWS04-3406",4.01,824,1891,16,51.5,1.90625
"NEWS04-3504",4.83,605,1023,52,11.63461538,0.317307692
"NEWS04-3603",4.06,491,799.8,18,27.27777778,0.716666667
"NEWS04-3701",4.93,788,1550,143,5.51048951,0.174825175
"NEWS04-3802",3.42,1276,4612.8,21,60.76190476,3.542857143
"NEWS04-3901",2.61,368,601.4,23,16,0.42173913
"NEWS04-4003",2.39,890,3236.4,19,46.84210526,2.747368421
"NEWS04-4104",3.62,2319,8487.8,49,47.32653061,2.793877551
"NEWS04-4201",9.01,849,1599.6,95,8.936842105,0.271578947
"OWW04440-0004",1.37,815,3093.8,1,815,49.9
"OWW04440-0008",5.93,909,595.2,27,33.66666667,0.355555556
"OWW04440-0010",1.16,2475,10397.4,15,165,11.18
"OWW04440-0011",1.8,154,198.4,2,77,1.6
"OWW04440-0014",2.06,963,3317,24,40.125,2.229166667
"OWW04440-0015",1.72,7856,30770.6,6,1309.333333,82.71666667
"OWW04440-0016",2.69,9994,41955.4,72,138.8055556,9.398611111
"OWW04440-0017",1.78,93,223.2,3,31,1.2
"OWW04440-0019",4.47,3156,9858,524,6.022900763,0.303435115
"OWW04440-0020",1.05,231,514.6,4,57.75,2.075
"OWW04440-0021",14.25,1694,142.6,369,4.590785908,0.006233062
"OWW04440-0023",12.32,1075,372,334,3.218562874,0.017964072
"OWW04440-0026",2.36,339,0,39,8.692307692,0
"OWW04440-0029",3.71,546,942.4,8,68.25,1.9
"OWW04440-0030",0.57,130,322.4,23,5.652173913,0.226086957
"OWW04440-0032",2.76,220,285.2,9,24.44444444,0.511111111
"OWW04440-0034",4.26,564,1525.2,24,23.5,1.025
"OWW04440-0039",3.08,3876,12617,534,7.258426966,0.381086142
"OWW04440-0040",3.74,474,620,151,3.139072848,0.066225166
"OWW04440-0041",18.61,2400,1438.4,1334,1.79910045,0.017391304
"OWW04440-0043",7.03,391,0,21,18.61904762,0
"OWW04440-0045",0.78,143,99.2,12,11.91666667,0.133333333
"OWW04440-0046",0.69,150,353.4,8,18.75,0.7125
"OWW04440-0048",1.67,15650,68162.8,67,233.5820896,16.40895522
"OWW04440-0050",2.82,604,1537.6,24,25.16666667,1.033333333
"OWW04440-0051",6.7,699,285.2,114,6.131578947,0.040350877
"OWW04440-0054",1.02,521,2188.6,24,21.70833333,1.470833333
"OWW04440-0055",24.55,1024,74.4,51,20.07843137,0.023529412
"OWW04440-0056",2.95,634,1209,114,5.561403509,0.171052632
"OWW04440-0058",2.39,209,142.6,6,34.83333333,0.383333333
"OWW04440-0059",12.05,3438,9368.2,41,83.85365854,3.685365854
"OWW04440-0060",8.68,9538,1599.6,1632,5.844362745,0.015808824
"OWW04440-0061",11.35,1350,818.4,254,5.31496063,0.051968504
"OWW04440-0063",1.89,258,651,10,25.8,1.05
"OWW04440-0064",3.88,509,812.2,27,18.85185185,0.485185185
"OWW04440-0066",8.27,4163,2883,95,43.82105263,0.489473684
"OWW04440-0070",1.53,1868,7477.2,22,84.90909091,5.481818182
"OWW04440-0071",8.08,898,1835.2,55,16.32727273,0.538181818
"OWW04440-0077",1.65,106,68.2,51,2.078431373,0.021568627
"OWW04440-0078",0.84,414,1785.6,20,20.7,1.44
"OWW04440-0080",4.43,1406,5071.6,118,11.91525424,0.693220339
"OWW04440-0081",1.1,379,1407.4,7,54.14285714,3.242857143
"OWW04440-0085",2,254,192.2,24,10.58333333,0.129166667
"OWW04440-0087",16.21,924,0,78,11.84615385,0
"OWW04440-0093",3.59,169,241.8,64,2.640625,0.0609375
"OWW04440-0094",1.97,1026,74.4,2,513,0.6
"OWW04440-0096",3.26,1700,5778.4,45,37.77777778,2.071111111
"OWW04440-0102",1.56,1818,7396.6,8,227.25,14.9125
"OWW04440-0103",8.6,324,0,15,21.6,0
"OWW04440-0106",1.7,1026,3744.8,17,60.35294118,3.552941176
"OWW04440-0107",7.29,545,1147,7,77.85714286,2.642857143
"OWW04440-0108",10.38,476,161.2,22,21.63636364,0.118181818
"OWW04440-0112",3.18,941,1171.8,74,12.71621622,0.255405405
"OWW04440-0114",2.92,1595,6435.6,39,40.8974359,2.661538462
"OWW04440-0115",8.35,1969,421.6,608,3.238486842,0.011184211
"OWW04440-0122",3,231,223.2,14,16.5,0.257142857
"OWW04440-0124",7.22,1379,2238.2,292,4.72260274,0.123630137
"OWW04440-0125",1.71,155,192.2,3,51.66666667,1.033333333
"OWW04440-0127",2.76,2969,11897.8,50,59.38,3.838
"OWW04440-0128",2.24,245,291.4,15,16.33333333,0.313333333
"OWW04440-0130",3.6,516,694.4,25,20.64,0.448
"OWW04440-0131",1.67,1214,1357.8,309,3.928802589,0.070873786
"OWW04440-0132",1.01,1640,6950.2,4,410,28.025
"OWW04440-0133",6.08,1069,520.8,147,7.272108844,0.057142857
"OWW04440-0134",2.06,881,2976,15,58.73333333,3.2
"OWW04440-0138",7.62,1266,55.8,140,9.042857143,0.006428571
"OWW04440-0139",1.9,468,1531.4,52,9,0.475
"OWW04440-0142",0.82,890,3695.2,5,178,11.92
"OWW04440-0146",1.82,191,551.8,6,31.83333333,1.483333333
"OWW04440-0147",7.14,2233,4891.8,255,8.756862745,0.309411765
"OWW04440-0149",3.71,1858,551.8,753,2.467463479,0.011819389
"OWW04440-0151",9.48,610,830.8,157,3.885350318,0.085350318
"OWW04440-0157",5.6,505,0,27,18.7037037,0
"OWW04440-0158",3.7,2189,8649,100,21.89,1.395
"OWW04440-0163",1.15,1956,8041.4,24,81.5,5.404166667
"OWW04440-0164",1.4,99,198.4,5,19.8,0.64
"OWW04440-0165",2.86,412,328.6,49,8.408163265,0.108163265
"OWW04440-0166",0.83,5881,25395.2,5,1176.2,81.92
"OWW04440-0168",7.82,1135,1556.2,80,14.1875,0.31375
"OWW04440-0169",1.53,109,130.2,144,0.756944444,0.014583333
"OWW04440-0170",3.34,999,3000.8,35,28.54285714,1.382857143
"OWW04440-0171",4.78,234,105.4,9,26,0.188888889
"OWW04440-0172",5.51,524,657.2,32,16.375,0.33125
"OWW04440-0176",2.55,4606,18841.8,408,11.28921569,0.744852941
"OWW04440-0178",12.62,2049,86.8,128,16.0078125,0.0109375
"OWW04440-0179",4.04,403,285.2,165,2.442424242,0.027878788
"OWW04440-0181",9.31,603,155,104,5.798076923,0.024038462
"OWW04440-0182",1.91,856,3118.6,22,38.90909091,2.286363636
"OWW04440-0184",3,2469,9324.8,22,112.2272727,6.836363636
"OWW04440-0185",1.36,114,415.4,3,38,2.233333333
"OWW04440-0186",1.52,586,2170,7,83.71428571,5
"OWW04440-0191",3.4,834,2678.4,22,37.90909091,1.963636364
"OWW04440-0192",3.62,513,979.6,29,17.68965517,0.544827586
"OWW04440-0195",2.24,1958,6398.4,43,45.53488372,2.4
"OWW04440-0196",2.41,1550,248,526,2.946768061,0.007604563
"OWW04440-0197",2.18,428,558,47,9.106382979,0.191489362
"OWW04440-0199",24.49,1129,86.8,18,62.72222222,0.077777778
"OWW04440-0200",6.15,759,241.8,180,4.216666667,0.021666667
"OWW04440-0203",6.84,640,1308.2,17,37.64705882,1.241176471
"OWW04440-0205",3.6,152,24.8,14,10.85714286,0.028571429
"OWW04440-0206",0.67,1000,4296.6,21,47.61904762,3.3
"OWW04440-0210",4.99,355,99.2,23,15.43478261,0.069565217
"OWW04440-0211",1.53,976,3868.8,28,34.85714286,2.228571429
"OWW04440-0212",0.82,844,564.2,138,6.115942029,0.065942029
"OWW04440-0218",2.99,1099,4147.8,14,78.5,4.778571429
"OWW04440-0219",3.16,43650,113298.8,313,139.456869,5.838338658
"OWW04440-0221",7.7,658,514.6,47,14,0.176595745
"OWW04440-0224",16.48,2647,161.2,618,4.283171521,0.00420712
"OWW04440-0226",3.04,687,1804.2,26,26.42307692,1.119230769
"OWW04440-0231",9.82,625,210.8,185,3.378378378,0.018378378
"OWW04440-0233",2.77,576,1246.2,74,7.783783784,0.271621622
"OWW04440-0234",0.87,263,930,3,87.66666667,5
"OWW04440-0238",2.35,471,1413.6,49,9.612244898,0.465306122
"OWW04440-0240",2.33,2292,9219.4,31,73.93548387,4.796774194
"OWW04440-0242",2.88,11338,46462.8,112,101.2321429,6.691071429
"OWW04440-0243",2.72,394,434,28,14.07142857,0.25
"OWW04440-0248",2.04,1488,5474.6,13,114.4615385,6.792307692
"OWW04440-0250",5.05,1591,2790,304,5.233552632,0.148026316
"OWW04440-0252",3.36,745,1841.4,69,10.79710145,0.430434783
"OWW04440-0255",8.84,383,235.6,15,25.53333333,0.253333333
"OWW04440-0256",5.12,1348,3422.4,144,9.361111111,0.383333333
"OWW04440-0257",1.58,1114,4185,16,69.625,4.21875
"OWW04440-0258",12.4,643,105.4,16,40.1875,0.10625
"OWW04440-0262",3.23,6288,26449.2,155,40.56774194,2.752258065
"OWW04440-0263",11.71,638,0,45,14.17777778,0
"OWW04440-0266",2.23,1686,6937.8,7,240.8571429,15.98571429
"OWW04440-0267",3.86,609,1475.6,74,8.22972973,0.321621622
"OWW04440-0271",18.54,624,192.2,23,27.13043478,0.134782609
"OWW04440-0274",4.21,320,551.8,3,106.6666667,2.966666667
"OWW04440-0275",12.64,5781,10657.8,1424,4.059691011,0.120716292
"OWW04440-0277",8.33,898,514.6,252,3.563492063,0.032936508
"OWW04440-0282",1.97,295,787.4,6,49.16666667,2.116666667
"OWW04440-0283",11.98,518,49.6,8,64.75,0.1
"OWW04440-0286",1.49,462,1630.6,11,42,2.390909091
"OWW04440-0290",5.02,1469,4953.8,16,91.8125,4.99375
"OWW04440-0291",1.74,4800,20336,34,141.1764706,9.647058824
"OWW04440-0292",1,393,1686.4,5,78.6,5.44
"OWW04440-0293",1.6,718,403,232,3.094827586,0.028017241
"OWW04440-0294",2.53,1714,6584.4,23,74.52173913,4.617391304
"OWW04440-0295",1.91,3213,12834,17,189,12.17647059
"OWW04440-0296",2.25,681,2238.2,165,4.127272727,0.218787879
"OWW04440-0298",2.78,516,1593.4,21,24.57142857,1.223809524
"OWW04440-0305",7.66,1372,291.4,305,4.498360656,0.015409836
"OWW04440-0311",25.21,913,136.4,32,28.53125,0.06875
"OWW04440-0312",2.61,11069,44683.4,375,29.51733333,1.921866667
"OWW04440-0313",1.39,154,477.4,2,77,3.85
"OWW04440-0319",9.09,899,105.4,119,7.554621849,0.014285714
"OWW04440-0320",1.92,670,2027.4,5,134,6.54
"OWW04440-0323",3.71,633,0,153,4.137254902,0
"OWW04440-0324",1.05,71,260.4,23,3.086956522,0.182608696
"OWW04440-0325",1.1,109,0,4,27.25,0
"OWW04440-0326",2.13,3231,12871.2,292,11.06506849,0.710958904
"OWW04440-0327",10.94,1861,2945,161,11.55900621,0.295031056
"OWW04440-0328",1.99,1449,4873.2,45,32.2,1.746666667
"OWW04440-0330",3.74,366,589,15,24.4,0.633333333
"OWW04440-0333",4.62,277,0,46,6.02173913,0
"OWW04440-0334",3.59,244,68.2,17,14.35294118,0.064705882
"OWW04440-0336",2.85,3980,14923.4,71,56.05633803,3.390140845
"OWW04440-0337",7.56,506,514.6,19,26.63157895,0.436842105
"OWW04440-0338",2.04,830,2920.2,25,33.2,1.884
"OWW04440-0340",1.2,1303,5325.8,110,11.84545455,0.780909091
"OWW04440-0341",2.2,148,124,25,5.92,0.08
"OWW04440-0346",1.8,940,3819.2,16,58.75,3.85
"OWW04440-0349",5,348,465,21,16.57142857,0.357142857
"OWW04440-0353",2.37,221,279,34,6.5,0.132352941
"OWW04440-0356",2.53,444,632.4,12,37,0.85
"OWW04440-0358",2.18,2381,9083,64,37.203125,2.2890625
"OWW04440-0359",7.5,989,2579.2,18,54.94444444,2.311111111
"OWW04440-0360",7.59,974,1209,62,15.70967742,0.314516129
"OWW04440-0361",20.02,954,105.4,49,19.46938776,0.034693878
"OWW04440-0362",0.74,726,3124.8,4,181.5,12.6
"OWW04440-0368",3.92,3750,15146.6,67,55.97014925,3.646268657
"OWW04440-0369",6.9,1237,558,177,6.988700565,0.050847458
"OWW04440-0373",8.51,603,979.6,111,5.432432432,0.142342342
"OWW04440-0377",4.84,962,1847.6,163,5.901840491,0.182822086
"OWW04440-0378",4.18,329,334.8,15,21.93333333,0.36
"OWW04440-0380",1.09,180,651,1,180,10.5
"OWW04440-0381",1.67,225,489.8,6,37.5,1.316666667
"OWW04440-0382",1.62,1280,4854.6,4,320,19.575
"OWW04440-0383",16.27,1418,899,165,8.593939394,0.087878788
"OWW04440-0384",1.95,185,421.6,7,26.42857143,0.971428571
"OWW04440-0386",4.61,379,124,47,8.063829787,0.042553191
"OWW04440-0387",5.58,499,334.8,28,17.82142857,0.192857143
"OWW04440-0389",10.8,566,310,52,10.88461538,0.096153846
"OWW04440-0393",6.28,908,415.4,286,3.174825175,0.023426573
"OWW04440-0394",0.75,749,3118.6,10,74.9,5.03
"OWW04440-0398",2.41,4300,13385.8,43,100,5.020930233
"OWW04440-0400",6.65,33350,137534.6,98,340.3061224,22.63571429
"OWW04440-0401",5.01,1376,4873.2,3,458.6666667,26.2
"OWW04440-0403",4.71,1265,0,316,4.003164557,0
"OWW04440-0405",12.27,1455,0,296,4.915540541,0
"OWW04440-0410",1.58,273,812.2,2,136.5,6.55
"OWW04440-0416",4.24,564,533.2,87,6.482758621,0.098850575
"OWW04440-0418",5.04,858,694.4,12,71.5,0.933333333
"OWW04440-0419",4.07,724,248,60,12.06666667,0.066666667
"OWW04440-0420",1.37,1680,6652.6,65,25.84615385,1.650769231
"OWW04440-0423",1.55,1971,8246,89,22.14606742,1.494382022
"OWW04440-0425",8.34,681,756.4,59,11.54237288,0.206779661
"OWW04440-0426",3.14,2384,8711,302,7.894039735,0.465231788
"OWW04440-0427",3.38,234,520.8,3,78,2.8
"OWW04440-0428",9.98,648,105.4,51,12.70588235,0.033333333
"OWW04440-0429",1.48,1061,0,54,19.64814815,0
"OWW04440-0432",2.83,6188,24322.6,840,7.366666667,0.46702381
"OWW04440-0433",14.37,671,148.8,29,23.13793103,0.082758621
"OWW04440-0435",2.63,454,886.6,41,11.07317073,0.348780488
"OWW04440-0436",6.6,513,595.2,71,7.225352113,0.135211268
"OWW04440-0437",8.94,636,124,93,6.838709677,0.021505376
"OWW04440-0439",4.16,271,514.6,113,2.398230088,0.073451327
"OWW04440-0440",5.98,7725,29741.4,105,73.57142857,4.568571429
"OWW04440-0442",1.71,1641,6739.4,35,46.88571429,3.105714286
"OWW04440-0445",7.37,1372,2163.8,316,4.341772152,0.110443038
"OWW04440-0447",4.17,358,657.2,28,12.78571429,0.378571429
"OWW04440-0451",4.77,514,545.6,59,8.711864407,0.149152542
"OWW04440-0453",5.43,4250,2424.2,170,25,0.23
"OWW04440-0455",3.74,581,1159.4,53,10.96226415,0.352830189
"OWW04440-0456",3.89,1919,6460.4,60,31.98333333,1.736666667
"OWW04440-0457",4.73,333,297.6,15,22.2,0.32
"OWW04440-0458",2.27,804,3087.6,14,57.42857143,3.557142857
"OWW04440-0459",12.28,618,0,34,18.17647059,0
"OWW04440-0464",3.14,6056,24477.6,30,201.8666667,13.16
"OWW04440-0465",3.69,399,1345.4,9,44.33333333,2.411111111
"OWW04440-0466",2.03,681,1984,18,37.83333333,1.777777778
"OWW04440-0467",8.34,1253,1326.8,118,10.61864407,0.181355932
"OWW04440-0469",0.8,101,80.6,14,7.214285714,0.092857143
"OWW04440-0471",14.26,717,272.8,41,17.48780488,0.107317073
"OWW04440-0472",2.56,11625,48570.8,86,135.1744186,9.109302326
"OWW04440-0473",2.3,213,223.2,53,4.018867925,0.067924528
"OWW04440-0474",1.78,369,1103.6,15,24.6,1.186666667
"OWW04440-0475",4.96,23925,98859,4175,5.730538922,0.381916168
"OWW04440-0479",3.19,898,1829,116,7.74137931,0.254310345
"OWW04440-0480",2.54,2058,6795.2,90,22.86666667,1.217777778
"OWW04440-0481",2.87,684,1289.6,54,12.66666667,0.385185185
"OWW04440-0482",4.62,399,787.4,17,23.47058824,0.747058824
"OWW04440-0483",3.74,716,440.2,139,5.151079137,0.051079137
"OWW04440-0485",15.87,1954,384.4,593,3.295109612,0.010455312
"OWW04440-0486",4.32,406,37.2,16,25.375,0.0375
"OWW04440-0487",17.3,996,514.6,100,9.96,0.083
"OWW04440-0488",2.84,3881,15276.8,130,29.85384615,1.895384615
"OWW04440-0489",12.13,1085,973.4,148,7.331081081,0.106081081
"OWW04440-0493",4.39,1010,415.4,202,5,0.033168317
"OWW04440-0496",3.74,798,2455.2,25,31.92,1.584
"OWW04440-0498",2.28,2644,10912,38,69.57894737,4.631578947
"OWW04440-0499",1.42,168,186,5,33.6,0.6
"OWW04440-0502",4.17,1860,5989.2,102,18.23529412,0.947058824
"OWW04440-0504",5.09,1239,4253.2,22,56.31818182,3.118181818
"OWW04440-0506",2.2,1005,3441,24,41.875,2.3125
"OWW04440-0507",28.52,1186,124,38,31.21052632,0.052631579
"OWW04440-0511",3.38,226,161.2,16,14.125,0.1625
"OWW04440-0513",1.75,709,2647.4,17,41.70588235,2.511764706
"OWW04440-0514",3.54,216,229.4,27,8,0.137037037
"OWW04440-0515",2.88,1059,886.6,342,3.096491228,0.041812865
"OWW04440-0516",4.06,344,1109.8,18,19.11111111,0.994444444
"OWW04440-0518",1.6,4125,17360,34,121.3235294,8.235294118
"OWW04440-0526",1.07,320,911.4,4,80,3.675
"OWW04440-0528",4.03,745,2095.6,33,22.57575758,1.024242424
"OWW04440-0529",1.07,340,973.4,33,10.3030303,0.475757576
"OWW04440-0530",7.68,1413,1643,101,13.99009901,0.262376238
"OWW04440-0531",5.59,5831,20788.6,2034,2.866764995,0.164847591
"OWW04440-0535",6.25,2806,9827,67,41.88059701,2.365671642
"OWW04440-0538",3.94,468,1605.8,45,10.4,0.575555556
"OWW04440-0542",0.87,74,198.4,1,74,3.2
"OWW04440-0544",5.15,770,1140.8,173,4.450867052,0.106358382
"OWW04440-0546",5.08,318,186,9,35.33333333,0.333333333
"OWW04440-0548",0.9,143,328.6,18,7.944444444,0.294444444
"OWW04440-0551",1.91,1363,5344.4,60,22.71666667,1.436666667
"OWW04440-0552",3.67,2756,9238,270,10.20740741,0.551851852
"OWW04440-0553",5.24,230,93,31,7.419354839,0.048387097
"OWW04440-0554",0.66,1818,7818.2,14,129.8571429,9.007142857
"OWW04440-0557",2.07,363,0,22,16.5,0
"OWW04440-0558",0.65,56,241.8,2,28,1.95
"OWW04440-0560",2.4,4019,14216.6,422,9.523696682,0.543364929
"OWW04440-0565",4.61,419,68.2,29,14.44827586,0.037931034
"OWW04440-0567",4,329,434,27,12.18518519,0.259259259
"OWW04440-0568",3.13,376,353.4,41,9.170731707,0.13902439
"OWW04440-0570",2.14,1218,4160.2,14,87,4.792857143
"OWW04440-0571",8.67,7988,28123.2,188,42.4893617,2.412765957
"OWW04440-0575",22.27,1438,198.4,85,16.91764706,0.037647059
"OWW04440-0576",1.45,367,1289.6,3,122.3333333,6.933333333
"OWW04440-0578",2.13,743,2467.6,18,41.27777778,2.211111111
"OWW04440-0579",2.28,373,86.8,22,16.95454545,0.063636364
"OWW04440-0582",2.84,1431,4786.4,86,16.63953488,0.897674419
"OWW04440-0584",8.84,1301,148.8,277,4.696750903,0.00866426
"OWW04440-0585",7.47,917,279,189,4.851851852,0.023809524
"OWW04440-0586",1.59,109,148.8,1,109,2.4
"OWW04440-0587",2.37,191,217,24,7.958333333,0.145833333
"OWW04440-0592",5.18,5163,17279.4,35,147.5142857,7.962857143
"OWW04440-0594",9.52,1409,229.4,208,6.774038462,0.017788462
"OWW04440-0595",5.63,784,341,172,4.558139535,0.031976744
"OWW04440-0597",1.6,2213,2219.6,565,3.916814159,0.063362832
"OWW04440-0599",1.68,160,477.4,35,4.571428571,0.22
"OWW04440-0605",16.07,3706,93,223,16.61883408,0.006726457
"OWW04440-0608",3.92,8406,32959.2,66,127.3636364,8.054545455
"OWW04440-0611",1.39,2097,8729.6,151,13.88741722,0.932450331
"OWW04440-0612",1.32,1883,7669.4,12,156.9166667,10.30833333
"OWW04440-0616",5.12,424,316.2,41,10.34146341,0.124390244
"OWW04440-0617",5.88,458,365.8,31,14.77419355,0.190322581
"OWW04440-0618",2.17,206,179.8,13,15.84615385,0.223076923
"OWW04440-0620",6.72,661,1599.6,20,33.05,1.29
"OWW04440-0624",3.36,430,403,51,8.431372549,0.12745098
"OWW04440-0625",11.46,1438,1556.2,419,3.431980907,0.059904535
"OWW04440-0626",3.2,328,328.6,27,12.14814815,0.196296296
"OWW04440-0629",7.47,195,0,2,97.5,0
"OWW04440-0630",1.74,294,589,10,29.4,0.95
"OWW04440-0631",3.97,381,1258.6,16,23.8125,1.26875
"OWW04440-0632",2.5,13475,56761,43,313.372093,21.29069767
"OWW04440-0634",1.66,3631,14663,12,302.5833333,19.70833333
"OWW04440-0636",2.89,2328,8190.2,79,29.46835443,1.672151899
"OWW04440-0640",1.89,86,117.8,6,14.33333333,0.316666667
"OWW04440-0646",2.61,674,2176.2,26,25.92307692,1.35
"OWW04440-0647",12.98,2663,5970.6,130,20.48461538,0.740769231
"OWW04440-0649",9.53,761,0,547,1.391224863,0
"OWW04440-0650",4.61,2078,8518.8,37,56.16216216,3.713513514
"OWW04440-0651",3.37,238,148.8,21,11.33333333,0.114285714
"OWW04440-0657",1.94,521,1760.8,1,521,28.4
"OWW04440-0658",3.07,230,248,11,20.90909091,0.363636364
"OWW04440-0660",1.84,394,1531.4,2,197,12.35
"OWW04440-0661",5.58,629,446.4,110,5.718181818,0.065454545
"OWW04440-0663",11.06,508,49.6,21,24.19047619,0.038095238
"OWW04440-0665",28.05,1449,148.8,92,15.75,0.026086957
"OWW04440-0666",2.66,220,303.8,4,55,1.225
"OWW04440-0669",1.18,109,198.4,5,21.8,0.64
"OWW04440-0670",1.76,1100,3813,34,32.35294118,1.808823529
"OWW04440-0672",2.24,390,551.8,56,6.964285714,0.158928571
"OWW04440-0676",1.26,1530,5914.8,40,38.25,2.385
"OWW04440-0677",10.9,1434,1742.2,122,11.75409836,0.230327869
"OWW04440-0678",2.55,1054,3949.4,19,55.47368421,3.352631579
"OWW04440-0680",3.86,638,1723.6,61,10.45901639,0.455737705
"OWW04440-0682",2.14,595,2287.8,4,148.75,9.225
"OWW04440-0683",1.09,778,99.2,73,10.65753425,0.021917808
"OWW04440-0686",1.91,645,985.8,42,15.35714286,0.378571429
"OWW04440-0692",21.85,2181,3633.2,607,3.593080725,0.096540362
"OWW04440-0693",2.71,250,37.2,12,20.83333333,0.05
"OWW04440-0694",0.94,129,365.8,2,64.5,2.95
"OWW04440-0696",3.61,8816,35916.6,48,183.6666667,12.06875
"OWW04440-0697",1.95,187,279,7,26.71428571,0.642857143
"OWW04440-0698",0.9,127,353.4,3,42.33333333,1.9
"OWW04440-0700",4.22,828,985.8,110,7.527272727,0.144545455
"OWW04440-0708",1.5,236,694.4,17,13.88235294,0.658823529
"OWW04440-0709",0.77,146,316.2,3,48.66666667,1.7
"OWW04440-0712",1.33,240,279,8,30,0.5625
"OWW04440-0713",4.97,338,124,37,9.135135135,0.054054054
"OWW04440-0717",2.25,110,0,4,27.5,0
"OWW04440-0723",6.13,828,1029.2,81,10.22222222,0.204938272
"OWW04440-0725",0.74,144,347.2,4,36,1.4
"OWW04440-0727",13.6,583,130.2,56,10.41071429,0.0375
"OWW04440-0736",3.18,836,601.4,142,5.887323944,0.068309859
"OWW04440-0739",4.91,1889,161.2,420,4.497619048,0.006190476
"OWW04440-0743",2.58,1046,3664.2,50,20.92,1.182
"OWW04440-0747",NA,NA,NA,NA,NA,NA
"OWW04440-0750",1.9,225,638.6,5,45,2.06
"OWW04440-0752",2.8,1828,7495.8,29,63.03448276,4.168965517
"OWW04440-0760",6.16,2113,973.4,275,7.683636364,0.057090909
"OWW04440-0762",3.38,1738,6776.6,17,102.2352941,6.429411765
"OWW04440-0766",1.99,552,1996.4,10,55.2,3.22
"OWW04440-0771",3.12,273,198.4,97,2.81443299,0.032989691
"OWW04440-0772",2.39,720,2126.6,18,40,1.905555556
"OWW04440-0773",3.88,508,0,119,4.268907563,0
"OWW04440-0774",2.64,1150,4085.8,22,52.27272727,2.995454545
"OWW04440-0775",8.16,311,148.8,13,23.92307692,0.184615385
"OWW04440-0784",1.89,9424,44894.2,42,224.3809524,17.24047619
"OWW04440-0785",0.97,294,1016.8,1,294,16.4
"OWW04440-0791",11.64,384,316.2,16,24,0.31875
"OWW04440-0797",1.84,449,1351.6,3,149.6666667,7.266666667
"OWW04440-0798",0.7,74,68.2,10,7.4,0.11
"OWW04440-0801",6.7,643,328.6,56,11.48214286,0.094642857
"OWW04440-0803",3.65,494,719.2,35,14.11428571,0.331428571
"OWW04440-0804",1.91,1289,5009.6,15,85.93333333,5.386666667
"OWW04440-0805",0.49,226,787.4,8,28.25,1.5875
"OWW04440-0807",7.6,9693,46214.8,150,64.62,4.969333333
"OWW04440-0809",11.15,1199,1097.4,222,5.400900901,0.07972973
"OWW04440-0811",11.05,329,93,19,17.31578947,0.078947368
"OWW04440-0814",2.87,360,638.6,15,24,0.686666667
"OWW04440-0822",3.15,153,148.8,15,10.2,0.16
"OWW04440-0823",14.8,796,155,175,4.548571429,0.014285714
"OWW04440-0825",0.83,160,427.8,22,7.272727273,0.313636364
"OWW04440-0828",5.83,4454,16591.2,142,31.36619718,1.884507042
"OWW04440-0829",13.88,1440,787.4,228,6.315789474,0.055701754
"OWW04440-0830",2.07,154,192.2,46,3.347826087,0.067391304
"OWW04440-0835",3.45,314,192.2,28,11.21428571,0.110714286
"OWW04440-0836",1.39,290,1047.8,29,10,0.582758621
"OWW04440-0841",1.57,176,527,14,12.57142857,0.607142857
"OWW04440-0845",5,338,0,35,9.657142857,0
"OWW04440-0846",0.58,1628,7359.4,11,148,10.79090909
"OWW04440-0849",6.13,331,334.8,16,20.6875,0.3375
"OWW04440-0853",0.84,71,80.6,2,35.5,0.65
"OWW04440-0854",2.29,133,316.2,21,6.333333333,0.242857143
"OWW04440-0857",3.39,225,0,26,8.653846154,0
"OWW04440-0861",5.25,253,62,44,5.75,0.022727273
"OWW04440-0862",2,68,74.4,10,6.8,0.12
"OWW04440-0865",0.69,534,1922,62,8.612903226,0.5
"OWW04440-0877",3.53,539,0,18,29.94444444,0
"OWW04440-0878",0.77,244,961,4,61,3.875
"OWW04440-0886",1.91,514,1767,76,6.763157895,0.375
"OWW04440-0889",8.31,1099,99.2,232,4.737068966,0.006896552
"OWW04440-0899",6.98,904,62,79,11.44303797,0.012658228
"OWW04440-0901",5.34,447,217,92,4.858695652,0.038043478
"OWW04440-0910",1.35,296,979.6,5,59.2,3.16
"OWW04440-0913",2.46,268,1010.6,2,134,8.15
"OWW04440-0917",4.08,499,93,14,35.64285714,0.107142857
"OWW04440-0921",10.6,1171,37.2,501,2.337325349,0.001197605
"OWW04440-0932",0.81,25,43.4,21,1.19047619,0.033333333
"OWW04440-0937",4.37,344,620,29,11.86206897,0.344827586
"OWW04440-0945",7.57,560,291.4,337,1.661721068,0.013946588
"OWW04440-0950",2.01,54,49.6,16,3.375,0.05
"OWW04440-0953",1.07,214,601.4,9,23.77777778,1.077777778
"OWW04440-0963",8.46,2159,0,758,2.84828496,0
"OWW04440-0964",1.24,470,1779.4,11,42.72727273,2.609090909
"OWW04440-0969",16.51,1590,0,1732,0.918013857,0
"OWW04440-0974",0.89,61,161.2,3,20.33333333,0.866666667
"OWW04440-0980",8.87,444,291.4,65,6.830769231,0.072307692
"OWW04440-0985",1.26,366,812.2,12,30.5,1.091666667
"OWW04440-0989",15.03,1513,0,1820,0.831318681,0
"OWW04440-0993",2.11,179,272.8,14,12.78571429,0.314285714
"OWW04440-1001",1.26,80,198.4,56,1.428571429,0.057142857
"OWW04440-1006",2.84,678,2294,21,32.28571429,1.761904762
"OWW04440-1022",1.46,104,99.2,2,52,0.8
"OWW04440-1028",2.23,641,2368.4,31,20.67741935,1.232258065
"OWW04440-1037",1.37,88,99.2,104,0.846153846,0.015384615
"OWW04440-1038",1.3,337,1246.2,9,37.44444444,2.233333333
"OWW04440-1041",1.56,94,49.6,17,5.529411765,0.047058824
"OWW04440-1054",1.19,334,142.6,57,5.859649123,0.040350877
"OWW04440-1056",5.71,948,2250.6,182,5.208791209,0.199450549
"OWW04440-1059",4.21,3069,9969.6,304,10.09539474,0.528947368
"OWW04440-1061",27.63,2054,161.2,596,3.446308725,0.004362416
"OWW04440-1069",1.59,590,2008.8,214,2.757009346,0.151401869
"OWW04440-1070",0.53,38,93,2,19,0.75
"OWW04440-1086",4.98,295,55.8,24,12.29166667,0.0375
"OWW04440-1088",1.55,196,533.2,4,49,2.15
"OWW04440-1101",4.77,204,49.6,44,4.636363636,0.018181818
"OWW04440-1125",5.27,455,843.2,36,12.63888889,0.377777778
"OWW04440-1141",3.05,989,3031.8,10,98.9,4.89
"OWW04440-1377",2.9,101,0,32,3.15625,0
"VAEQ99-0421",1.5,605,2194.8,16,37.8125,2.2125
"VAEQ99-0422",1.79,76,68.2,6,12.66666667,0.183333333
"VAEQ99-0425",2.31,785,3217.8,133,5.902255639,0.390225564
"VAEQ99-0426",1.32,90,86.8,3,30,0.466666667
"VAEQ99-0427",1.43,66,43.4,2,33,0.35
"VAEQ99-0433",1.28,348,589,100,3.48,0.095
"VAEQ99-0434",4.95,438,285.2,21,20.85714286,0.219047619
"VAEQ99-0436",2.05,185,434,37,5,0.189189189
"VAEQ99-0437",1.95,1235,4916.6,5,247,15.86
"VAEQ99-0438",1.05,276,985.8,1,276,15.9
"VAEQ99-0441",2.22,440,1140.8,36,12.22222222,0.511111111
"VAEQ99-0442",1.09,761,3131,10,76.1,5.05
"VAEQ99-0443",1.71,155,285.2,10,15.5,0.46
"VAEQ99-0444",1.42,100,62,19,5.263157895,0.052631579
"VAEQ99-0445",7.25,264,62,44,6,0.022727273
"VAEQ99-0446",6.23,335,217,18,18.61111111,0.194444444
"VAEQ99-0447",2.25,781,1543.8,20,39.05,1.245
"VAEQ99-0448",1.88,1840,7471,112,16.42857143,1.075892857
"VAEQ99-0449",1.91,996,3329.4,72,13.83333333,0.745833333
"VAEQ99-0451",1.48,718,2591.6,59,12.16949153,0.708474576
"VAEQ99-0453",5.01,355,595.2,31,11.4516129,0.309677419
"VAEQ99-0455",3.09,566,1345.4,38,14.89473684,0.571052632
"VAEQ99-0456",2.84,561,812.2,116,4.836206897,0.112931034
"VAEQ99-0459",1.53,150,55.8,22,6.818181818,0.040909091
"VAEQ99-0461",1.68,579,1264.8,31,18.67741935,0.658064516
"VAEQ99-0464",1.28,286,954.8,12,23.83333333,1.283333333
"VAEQ99-0467",2.21,684,2275.4,18,38,2.038888889
"VAEQ99-0468",0.95,344,1097.4,30,11.46666667,0.59
"VAEQ99-0475",1.09,135,409.2,2,67.5,3.3
"VAEQ99-0476",1.14,128,316.2,2,64,2.55
"VAEQ99-0478",1,130,173.6,2,65,1.4
"VAEQ99-0479",4.02,580,1295.8,34,17.05882353,0.614705882
"VAEQ99-0480",4.76,1509,799.8,95,15.88421053,0.135789474
"VAEQ99-0481",1.13,343,756.4,38,9.026315789,0.321052632
"VAEQ99-0482",0.87,568,2244.4,6,94.66666667,6.033333333
"VAEQ99-0483",1.05,298,954.8,20,14.9,0.77
"VAEQ99-0484",2.06,198,421.6,5,39.6,1.36
"VAEQ99-0486",1.67,535,1977.8,18,29.72222222,1.772222222
"VAEQ99-0487",1.41,170,378.2,3,56.66666667,2.033333333
"VAEQ99-0489",1.09,674,2380.8,30,22.46666667,1.28
"WAZP99-0512",0.96,930,3186.8,15,62,212.4533333
"WAZP99-0537",1.83,310,0,19,16.31578947,0
"WAZP99-0539",0.78,166,223.2,42,3.952380952,0.085714286
"WAZP99-0545",2.01,324,0,92,3.52173913,0
"WAZP99-0551",0.46,371,130.2,14,26.5,0.15
"WAZP99-0568",1.72,174,0,58,3,0
"WAZP99-0569",0.75,66,223.2,37,1.783783784,0.097297297
"WAZP99-0590",0.66,64,68.2,5,12.8,0.22
"WAZP99-0598",0.49,61,266.6,33,1.848484848,0.13030303
"WAZP99-0599",1.05,157,130.2,30,5.233333333,0.07
"WAZP99-0605",1.45,174,0,61,2.852459016,0
"WAZP99-0615",1.52,363,0,109,3.330275229,0
"WAZP99-0619",4.06,684,663.4,203,3.369458128,0.05270936
"WAZP99-0632",2.01,265,266.6,45,5.888888889,0.095555556
"WAZP99-0639",2.06,91,0,92,0.989130435,0
"WAZP99-0645",2.88,285,130.2,161,1.770186335,0.013043478
"WAZP99-0648",0.67,155,223.2,62,2.5,0.058064516
"WAZP99-0649",3.6,410,266.6,17,24.11764706,0.252941176
"WAZP99-0653",1.36,110,130.2,2,55,1.05
"WAZP99-0669",2.63,210,179.8,72,2.916666667,0.040277778
"WAZP99-0681",1.99,133,0,40,3.325,0
"WAZP99-0687",1.43,55,0,39,1.41025641,0
"WAZP99-0701",7.03,494,440.2,69,7.15942029,0.102898551
"WAZP99-0712",0.8,392,576.6,32,12.25,0.290625
"WAZP99-0716",1.25,109,179.8,16,6.8125,0.18125
"WAZP99-0722",1.98,141,86.8,61,2.31147541,0.02295082
"WAZP99-0744",2.27,771,1283.4,170,4.535294118,0.121764706
"WAZP99-0750",1,113,0,80,1.4125,0
"WAZP99-0768",0.66,74,74.4,6,12.33333333,0.2
"WAZP99-0783",0.72,210,353.4,40,5.25,0.1425
"WAZP99-0828",2.69,409,130.2,46,8.891304348,0.045652174
"WAZP99-0833",1.94,119,0,8,14.875,0
"WAZP99-0839",1.96,115,179.8,38,3.026315789,0.076315789
"WAZP99-0840",20.5,1706,130.2,123,13.8699187,0.017073171
"WAZP99-0851",2.44,250,266.6,13,19.23076923,0.330769231
"WAZP99-0861",0.89,1523,6020.2,221,6.891402715,0.439366516
"WAZP99-0863",1.38,190,0,30,6.333333333,0
"WAZP99-0868",0.89,81,0,49,1.653061224,0
"WAZP99-0876",3.89,404,0,51,7.921568627,0
"WAZP99-0888",1.77,119,179.8,43,2.76744186,0.06744186
"WAZP99-0893",0.84,98,130.2,12,8.166666667,0.175
"WAZP99-0906",4.11,455,0,113,4.026548673,0
"WCAP99-0501",1.81,91,0,13,7,0
"WCAP99-0503",0.77,63,0,1,63,0
"WCAP99-0505",0.68,94,223.2,2,47,1.8
"WCAP99-0506",2.33,248,179.8,45,5.511111111,0.064444444
"WCAP99-0509",1.27,71,0,3,23.66666667,0
"WCAP99-0512",0.88,579,2151.4,2,289.5,17.35
"WCAP99-0515",0.57,59,0,2,29.5,0
"WCAP99-0521",0.54,101,0,4,25.25,0
"WCAP99-0527",0.97,203,489.8,23,8.826086957,0.343478261
"WCAP99-0534",2.52,468,1196.6,34,13.76470588,0.567647059
"WCAP99-0535",3.24,188,0,19,9.894736842,0
"WCAP99-0536",0.87,63,0,4,15.75,0
"WCAP99-0539",1.96,304,620,66,4.606060606,0.151515152
"WCAP99-0540",2.68,289,0,17,17,0
"WCAP99-0542",3.51,253,130.2,137,1.846715328,0.015328467
"WCAP99-0550",1.38,228,223.2,59,3.86440678,0.061016949
"WCAP99-0552",2.12,286,706.8,86,3.325581395,0.13255814
"WCAP99-0558",1.65,280,310,51,5.490196078,0.098039216
"WCAP99-0560",1.37,110,0,4,27.5,0
"WCAP99-0563",1.93,104,130.2,32,3.25,0.065625
"WCAP99-0574",0.76,65,130.2,24,2.708333333,0.0875
"WCAP99-0581",1.55,135,0,8,16.875,0
"WCAP99-0583",1.25,70,179.8,14,5,0.207142857
"WCAP99-0587",1.48,509,1773.2,27,18.85185185,1.059259259
"WCAP99-0590",0.81,94,266.6,28,3.357142857,0.153571429
"WCAP99-0592",1.42,91,130.2,2,45.5,1.05
"WCAP99-0593",0.63,174,489.8,21,8.285714286,0.376190476
"WCAP99-0598",0.61,50,155,11,4.545454545,0.227272727
"WCAP99-0600",2.62,244,440.2,10,24.4,0.71
"WCAP99-0604",0.87,100,130.2,4,25,0.525
"WCAP99-0605",0.87,74,179.8,2,37,1.45
"WCAP99-0606",1.19,106,179.8,11,9.636363636,0.263636364
"WCAP99-0613",0.77,98,266.6,7,14,0.614285714
"WCAP99-0614",1.18,140,0,10,14,0
"WCAP99-0618",1.22,101,0,12,8.416666667,0
"WCAP99-0619",1.41,141,489.8,7,20.14285714,1.128571429
"WCAP99-0624",4.2,5113,20627.4,1536,3.328776042,0.216601563
"WCAP99-0625",0.49,70,310,30,2.333333333,0.166666667
"WCAP99-0629",1.1,51,0,10,5.1,0
"WCAP99-0654",4.7,48219,213174.6,41,1176.073171,83.86097561
"WCAP99-0658",4,145,0,23,6.304347826,0
"WCAP99-0662",1.73,141,179.8,12,11.75,0.241666667
"WCAP99-0669",4.61,348,0,11,31.63636364,0
"WCAP99-0674",0.82,119,310,21,5.666666667,0.238095238
"WCAP99-0677",2.86,154,0,192,0.802083333,0
"WCAP99-0679",2.19,141,0,30,4.7,0
"WCAP99-0682",1.81,226,353.4,24,9.416666667,0.2375
"WCAP99-0683",0.68,110,266.6,31,3.548387097,0.138709677
"WCAP99-0742",0.91,171,0,23,7.434782609,0
"WCAP99-0744",0.6,48,223.2,12,4,0.3
"WCAP99-0746",1.89,141,223.2,12,11.75,0.3
"WCAP99-0747",1.49,1433,5177,36,39.80555556,2.319444444
"WCAP99-0748",0.77,7400,31601.4,41,180.4878049,12.43170732
"WCAP99-0750",0.63,15,0,4,3.75,0
"WCAP99-0755",0.5,44,130.2,0,NA,NA
"WCAP99-0756",0.67,64,0,25,2.56,0
"WCAP99-0758",1.03,105,0,3,35,0
"WCAP99-0759",1.2,63,0,31,2.032258065,0
"WCAP99-0760",0.62,81,179.8,9,9,0.322222222
"WCAP99-0761",0.59,40,0,28,1.428571429,0
"WCAP99-0764",3.54,308,223.2,86,3.581395349,0.041860465
"WCAP99-0767",1.35,88,0,3,29.33333333,0
"WCAP99-0768",0.9,94,179.8,6,15.66666667,0.483333333
"WCAP99-0777",1.73,81,130.2,3,27,0.7
"WCAP99-0779",1.47,175,0,2,87.5,0
"WCAP99-0780",2.23,130,130.2,15,8.666666667,0.14
"WCAP99-0785",3.88,12150,43951.8,265,45.8490566,2.67509434
"WCAP99-0787",0.68,74,0,9,8.222222222,0
"WCAP99-0794",2.86,131,179.8,7,18.71428571,0.414285714
"WCAP99-0795",1.66,84,0,3,28,0
"WCAP99-0796",0.89,48,0,3,16,0
"WCAP99-0798",3.6,209,0,34,6.147058824,0
"WCAP99-0803",0.96,89,266.6,2,44.5,2.15
"WCAP99-0806",1.84,3720,15710.8,568,6.549295775,0.446126761
"WCAP99-0809",3.76,1641,223.2,40,41.025,0.09
"WCAP99-0810",0.68,159,266.6,9,17.66666667,0.477777778
"WCAP99-0811",0.72,53,130.2,2,26.5,1.05
"WCAP99-0812",0.75,318,266.6,11,28.90909091,0.390909091
"WCAP99-0816",1.31,113,0,8,14.125,0
"WCAP99-0824",1.23,98,179.8,1,98,2.9
"WCAP99-0825",0.67,38,0,1,38,0
"WCAP99-0831",0.8,93,310,14,6.642857143,0.357142857
"WCAP99-0832",0.81,45,130.2,14,3.214285714,0.15
"WCAP99-0833",0.98,576,2213.4,20,28.8,1.785
"WCAP99-0835",4.11,349,130.2,59,5.915254237,0.03559322
"WCAP99-0837",0.67,46,86.8,2,23,0.7
"WCAP99-0838",3.45,98,266.6,45,2.177777778,0.095555556
"WCAP99-0843",0.67,26,0,14,1.857142857,0
"WCAP99-0844",0.91,56,86.8,38,1.473684211,0.036842105
"WCAP99-0845",1.35,50,0,21,2.380952381,0
"WCAP99-0857",0.92,180,223.2,10,18,0.36
"WCAP99-0860",1.27,104,0,37,2.810810811,0
"WCAP99-0862",0.36,80,353.4,4,20,1.425
"WCAP99-0864",1.14,60,0,2,30,0
"WCAP99-0867",2.92,580,533.2,277,2.093862816,0.031046931
"WCAP99-0883",0.65,221,750.2,4,55.25,3.025
"WCAP99-0885",0.99,129,0,14,9.214285714,0
"WCAP99-0888",2.5,7244,33374.6,3,2414.666667,179.4333333
"WCAP99-0891",2.39,228,0,5,45.6,0
"WCAP99-0895",1.11,180,223.2,8,22.5,0.45
"WCAP99-0896",1.4,364,1153.2,9,40.44444444,2.066666667
"WCAP99-0898",1.98,718,2523.4,2,359,20.35
"WCAP99-0899",4.48,1271,3317,1393,0.912419239,0.038406317
"WCAP99-0900",4.03,279,0,27,10.33333333,0
"WCAP99-0905",1.25,83,0,4,20.75,0
"WCAP99-0984",1.36,110,353.4,13,8.461538462,0.438461538
"WCAP99-0988",0.46,98,396.8,1,98,6.4
"WCAP99-0989",2.67,7744,33151.4,994,7.790744467,0.537927565
"WCAP99-0991",1.04,55,0,2,27.5,0
"WCAP99-1000",1.24,1539,4960,349,4.40974212,0.229226361
"WCAP99-1002",1,59,0,10,5.9,0
"WCAP99-1005",0.67,181,489.8,13,13.92307692,0.607692308
"WCAP99-1008",0.73,288,179.8,2,144,1.45
"WCAP99-1013",1.07,226,886.6,4,56.5,3.575
"WCAP99-1014",3.12,174,0,21,8.285714286,0
"WCAP99-1018",3,193,0,20,9.65,0
"WCAP99-1020",0.64,179,576.6,12,14.91666667,0.775
"WCAP99-1021",1.58,124,0,16,7.75,0
"WCAP99-1027",1.51,1639,6330.2,12,136.5833333,8.508333333
"WCAP99-1028",1.62,90,0,10,9,0
"WCAP99-1032",4.4,8525,24651.2,2165,3.937644342,0.183648961
"WCAP99-1035",0.76,24,0,2,12,0
"WCAP99-1039",3.54,49719,201896.8,72,690.5416667,45.22777778
"WCAP99-1043",1.69,418,1153.2,15,27.86666667,1.24
"WCAP99-1046",1.28,179,396.8,17,10.52941176,0.376470588
"WCAP99-1048",1.9,296,223.2,65,4.553846154,0.055384615
"WCAP99-1050",1.27,60,0,7,8.571428571,0
"WCAP99-1051",3.44,439,1240,21,20.9047619,0.952380952
"WCAP99-1055",1,43,0,4,10.75,0
"WCAP99-1056",0.89,99,86.8,12,8.25,0.116666667
"WCAP99-1057",4.7,216,663.4,82,2.634146341,0.130487805
"WCAP99-1060",0.6,90,266.6,5,18,0.86
"WCAP99-1062",1.03,80,173.6,12,6.666666667,0.233333333
"WCAP99-1063",0.67,108,334.8,17,6.352941176,0.317647059
"WCAP99-1064",0.94,126,130.2,59,2.13559322,0.03559322
"WCAP99-1065",0.53,33,0,5,6.6,0
"WCAP99-1066",0.64,96,223.2,8,12,0.45
"WCAP99-1067",1.19,73,0,4,18.25,0
"WCAP99-1071",1.78,96,0,6,16,0
"WCAP99-1074",1.19,76,86.8,4,19,0.35
"WCAP99-1075",0.79,38,0,38,1,0
"WCAP99-1079",0.98,75,130.2,3,25,0.7
"WCAP99-1090",1.49,244,799.8,9,27.11111111,1.433333333
"WCAP99-1091",0.62,100,353.4,1,100,5.7
"WCAP99-1092",0.69,66,130.2,11,6,0.190909091
"WCAP99-1096",1.66,134,576.6,52,2.576923077,0.178846154
"WCAP99-1100",0.76,82,86.8,12,6.833333333,0.116666667
"WCAP99-1102",2.99,278,0,25,11.12,0
"WCAP99-1104",5.2,706,179.8,796,0.886934673,0.003643216
"WCAP99-1106",2.8,73,130.2,86,0.848837209,0.024418605
"WCAP99-1111",0.39,349,1326.8,6,58.16666667,3.566666667
"WCAP99-1125",3.39,8756,28092.2,57,153.6140351,7.949122807
"WCAP99-1127",1.49,209,489.8,13,16.07692308,0.607692308
"WCAP99-1131",3.92,8063,26957.6,35,230.3714286,12.42285714
"WCAP99-1132",0.39,41,179.8,6,6.833333333,0.483333333
"WCOP01-0734",4.38,451,353.4,174,2.591954023,0.032758621
"WCOP01-0739",2.24,484,973.4,78,6.205128205,0.201282051
"WCOP01-0765",3.5,2436,9337.2,10,243.6,15.06
"WCOP01-0769",2.18,275,396.8,19,14.47368421,0.336842105
"WCOP01-0775",2.13,179,223.2,5,35.8,0.72
"WCOP01-0777",1.89,566,1413.6,29,19.51724138,0.786206897
"WCOP01-0779",2.21,131,0,20,6.55,0
"WCOP01-0809",2.08,128,179.8,15,8.533333333,0.193333333
"WCOP01-0812",7.16,1708,3069,361,4.731301939,0.137119114
"WCOP01-0817",4.6,3636,14780.8,10,363.6,23.84
"WCOP01-0819",4.49,425,0,65,6.538461538,0
"WCOP01-0833",4.48,276,130.2,37,7.459459459,0.056756757
"WCOP01-0836",4.93,656,620,62,10.58064516,0.161290323
"WCOP01-0838",3.99,298,0,18,16.55555556,0
"WCOP99-0502",0.58,76,130.2,16,4.75,0.13125
"WCOP99-0503",0.78,106,310,1,106,5
"WCOP99-0505",1.53,88,130.2,3,29.33333333,0.7
"WCOP99-0506",9.01,566,0,8,70.75,0
"WCOP99-0507",1.84,159,266.6,25,6.36,0.172
"WCOP99-0508",1.67,58,130.2,22,2.636363636,0.095454545
"WCOP99-0510",2.49,6981,32624.4,23,303.5217391,22.87826087
"WCOP99-0511",1.32,89,266.6,2,44.5,2.15
"WCOP99-0512",3.23,255,0,13,19.61538462,0
"WCOP99-0513",1.54,124,266.6,18,6.888888889,0.238888889
"WCOP99-0515",6.76,370,0,49,7.551020408,0
"WCOP99-0516",4.3,280,0,25,11.2,0
"WCOP99-0518",0.89,180,620,1,180,10
"WCOP99-0563",6.83,470,0,4,117.5,0
"WCOP99-0565",4.91,409,0,38,10.76315789,0
"WCOP99-0566",4.54,1220,3806.8,154,7.922077922,0.398701299
"WCOP99-0567",4.04,135,86.8,2,67.5,0.7
"WCOP99-0568",2.22,168,130.2,32,5.25,0.065625
"WCOP99-0569",3.27,224,223.2,21,10.66666667,0.171428571
"WCOP99-0572",6.43,290,0,74,3.918918919,0
"WCOP99-0574",0.63,145,0,17,8.529411765,0
"WCOP99-0577",3.2,229,396.8,4,57.25,1.6
"WCOP99-0578",2.39,150,0,5,30,0
"WCOP99-0591",1.91,95,0,3,31.66666667,0
"WCOP99-0593",3.16,181,489.8,8,22.625,0.9875
"WCOP99-0595",0.95,315,973.4,18,17.5,0.872222222
"WCOP99-0597",3.03,133,0,25,5.32,0
"WCOP99-0599",0.7,196,799.8,0,NA,NA
"WCOP99-0601",4.08,390,0,9,43.33333333,0
"WCOP99-0621",3.93,439,440.2,11,39.90909091,0.645454545
"WCOP99-0622",4.76,263,179.8,6,43.83333333,0.483333333
"WCOP99-0626",0.96,151,310,12,12.58333333,0.416666667
"WCOP99-0627",3.62,224,353.4,176,1.272727273,0.032386364
"WCOP99-0629",2.47,166,266.6,33,5.03030303,0.13030303
"WCOP99-0632",1.06,223,737.8,1,223,11.9
"WCOP99-0633",3.08,131,86.8,5,26.2,0.28
"WCOP99-0634",0.51,106,353.4,6,17.66666667,0.95
"WCOP99-0637",4.63,244,86.8,17,14.35294118,0.082352941
"WCOP99-0638",2.2,199,136.4,28,7.107142857,0.078571429
"WCOP99-0646",7.98,566,130.2,25,22.64,0.084
"WCOP99-0647",1.31,141,310,3,47,1.666666667
"WCOP99-0649",0.93,109,179.8,1,109,2.9
"WCOP99-0650",1.95,114,0,9,12.66666667,0
"WCOP99-0670",6.19,250,0,14,17.85714286,0
"WCOP99-0672",5.47,500,0,131,3.816793893,0
"WIDP99-0501",0.82,213,706.8,1,213,11.4
"WIDP99-0502",0.95,49,0,7,7,0
"WIDP99-0503",2.52,79,0,14,5.642857143,0
"WIDP99-0504",0.6,39,130.2,1,39,2.1
"WIDP99-0508",0.7,139,353.4,5,27.8,1.14
"WIDP99-0510",1.17,399,1506.6,1,399,24.3
"WIDP99-0511",1.05,69,130.2,6,11.5,0.35
"WIDP99-0514",1.37,59,0,10,5.9,0
"WIDP99-0515",0.76,214,843.2,19,11.26315789,0.715789474
"WIDP99-0516",1.23,81,0,11,7.363636364,0
"WIDP99-0520",1.13,68,179.8,17,4,0.170588235
"WIDP99-0524",0.88,98,179.8,14,7,0.207142857
"WIDP99-0595",1.66,185,0,49,3.775510204,0
"WIDP99-0596",1.88,254,843.2,67,3.791044776,0.202985075
"WIDP99-0597",5.04,344,223.2,84,4.095238095,0.042857143
"WIDP99-0599",1.25,38,0,1,38,0
"WIDP99-0600",2.06,141,0,88,1.602272727,0
"WIDP99-0602",1.21,54,0,4,13.5,0
"WIDP99-0603",1.83,166,0,34,4.882352941,0
"WIDP99-0605",1.1,64,0,5,12.8,0
"WIDP99-0607",3.07,128,0,9,14.22222222,0
"WIDP99-0610",1.01,119,0,25,4.76,0
"WIDP99-0611",1.59,76,0,1,76,0
"WIDP99-0613",2.37,78,0,23,3.391304348,0
"WIDP99-0614",1.21,99,310,2,49.5,2.5
"WIDP99-0615",0.89,55,0,12,4.583333333,0
"WIDP99-0690",2.47,99,130.2,5,19.8,0.42
"WIDP99-0694",1.83,179,179.8,25,7.16,0.116
"WIDP99-0695",1.15,83,0,39,2.128205128,0
"WIDP99-0697",0.64,94,353.4,2,47,2.85
"WIDP99-0698",2.59,767,2083.2,113,6.787610619,0.297345133
"WIDP99-0699",2.02,148,310,39,3.794871795,0.128205128
"WIDP99-0700",1.92,9931,41651.6,182,54.56593407,3.691208791
"WIDP99-0701",0.73,84,0,38,2.210526316,0
"WIDP99-0724",1.01,66,0,49,1.346938776,0
"WIDP99-0725",1.78,136,179.8,29,4.689655172,0.1
"WIDP99-0726",2.76,151,0,32,4.71875,0
"WIDP99-0727",0.96,138,310,11,12.54545455,0.454545455
"WIDP99-0729",1.06,89,179.8,3,29.66666667,0.966666667
"WIDP99-0737",1.45,121,130.2,21,5.761904762,0.1
"WIDP99-0738",2.15,144,86.8,16,9,0.0875
"WIDP99-0768",2.04,221,223.2,32,6.90625,0.1125
"WIDP99-0769",0.62,104,0,3,34.66666667,0
"WIDP99-0770",1.56,83,0,19,4.368421053,0
"WIDP99-0772",0.98,319,266.6,76,4.197368421,0.056578947
"WMTP99-0503",0.84,38,80.6,5,7.6,0.26
"WMTP99-0505",3,183,0,27,6.777777778,0
"WMTP99-0507",0.79,67,130.2,2,33.5,1.05
"WMTP99-0509",3.74,223,440.2,85,2.623529412,0.083529412
"WMTP99-0510",2.79,209,310,14,14.92857143,0.357142857
"WMTP99-0515",0.64,44,0,1,44,0
"WMTP99-0516",1.25,98,223.2,5,19.6,0.72
"WMTP99-0517",1.04,34,0,2,17,0
"WMTP99-0518",1.19,85,86.8,7,12.14285714,0.2
"WMTP99-0521",2,83,0,32,2.59375,0
"WMTP99-0523",0.62,900,353.4,2,450,2.85
"WMTP99-0600",0.8,49,0,2,24.5,0
"WMTP99-0604",7.95,556,0,22,25.27272727,0
"WMTP99-0607",0.58,66,179.8,0,NA,NA
"WMTP99-0608",0.8,76,310,1,76,5
"WMTP99-0609",2.08,95,0,1,95,0
"WMTP99-0613",1.47,885,3230.2,5,177,10.42
"WMTP99-0628",2.06,114,0,2,57,0
"WMTP99-0633",4.46,128,0,8,16,0
"WMTP99-0635",39.27,4200,179.8,452,9.292035398,0.006415929
"WMTP99-0648",9.9,789,0,40,19.725,0
"WMTP99-0653",9.27,1334,0,166,8.036144578,0
"WMTP99-0697",5.57,455,0,19,23.94736842,0
"WMTP99-0698",1.98,134,0,15,8.933333333,0
"WMTP99-0699",0.89,154,0,13,11.84615385,0
"WMTP99-0701",0.77,129,353.4,7,18.42857143,0.814285714
"WMTP99-0702",1.29,134,130.2,19,7.052631579,0.110526316
"WMTP99-0703",0.76,161,440.2,0,NA,NA
"WMTP99-0704",2.55,185,223.2,25,7.4,0.144
"WMTP99-0705",1.54,64,0,9,7.111111111,0
"WMTP99-0707",1.48,210,266.6,7,30,0.614285714
"WMTP99-0712",3.34,1633,4290.4,196,8.331632653,0.353061224
"WMTP99-0713",0.71,128,359.6,1,128,5.8
"WMTP99-0715",3.99,629,440.2,68,9.25,0.104411765
"WMTP99-0716",2.06,71,0,1,71,0
"WMTP99-0719",3.28,194,124,102,1.901960784,0.019607843
"WMTP99-0721",1.67,113,0,13,8.692307692,0
"WMTP99-0722",1.19,176,669.6,1,176,10.8
"WMTP99-0723",2.06,99,86.8,7,14.14285714,0.2
"WMTP99-0727",0.91,306,706.8,11,27.81818182,1.036363636
"WMTP99-0729",1.96,115,0,18,6.388888889,0
"WMTP99-0731",5.27,1060,508.4,534,1.985018727,0.015355805
"WMTP99-0733",2.16,723,1773.2,191,3.785340314,0.14973822
"WMTP99-0745",2.02,226,204.6,53,4.264150943,0.062264151
"WMTP99-0748",5.8,788,130.2,420,1.876190476,0.005
"WMTP99-0749",1.12,138,285.2,4,34.5,1.15
"WMTP99-0793",4.33,616,0,107,5.757009346,0
"WMTP99-0801",0.95,203,620,18,11.27777778,0.555555556
"WMTP99-0803",1.81,163,0,19,8.578947368,0
"WMTP99-0804",10.57,721,0,15,48.06666667,0
"WMTP99-0836",1.1,83,266.6,3,27.66666667,1.433333333
"WMTP99-0837",1.11,43,179.8,1,43,2.9
"WMTP99-0838",2.03,174,130.2,18,9.666666667,0.116666667
"WMTP99-0839",0.82,78,179.8,4,19.5,0.725
"WNDP99-0505",8.58,954,179.8,228,4.184210526,0.012719298
"WNDP99-0506",13.67,1994,1773.2,326,6.116564417,0.087730061
"WNDP99-0507",14.05,948,0,17,55.76470588,0
"WNDP99-0508",10.02,814,0,30,27.13333333,0
"WNDP99-0514",9.84,3500,1060.2,5418,0.645994832,0.003156146
"WNDP99-0529",13.14,926,0,34,27.23529412,0
"WNDP99-0531",15.73,1128,310,214,5.271028037,0.023364486
"WNDP99-0539",9.75,976,130.2,65,15.01538462,0.032307692
"WNDP99-0544",8.1,569,130.2,18,31.61111111,0.116666667
"WNDP99-0546",5.21,5133,1413.6,1485,3.456565657,0.015353535
"WNDP99-0570",16.49,2065,266.6,541,3.817005545,0.007948244
"WNDP99-0574",11.21,809,0,154,5.253246753,0
"WNDP99-0575",6.82,1250,1550,112,11.16071429,0.223214286
"WNDP99-0576",17.13,1701,353.4,144,11.8125,0.039583333
"WNDP99-0578",20.44,1723,0,169,10.19526627,0
"WNDP99-0580",13.63,2215,1283.4,390,5.679487179,0.053076923
"WNDP99-0582",17.07,1645,533.2,214,7.686915888,0.040186916
"WNDP99-0584",11.41,1089,0,129,8.441860465,0
"WNDP99-0605",11.15,870,0,60,14.5,0
"WNDP99-0611",19.76,2420,179.8,455,5.318681319,0.006373626
"WNDP99-0615",9.13,1014,0,264,3.840909091,0
"WNDP99-0617",17.5,1575,266.6,87,18.10344828,0.049425287
"WNDP99-0633",6.18,533,0,171,3.116959064,0
"WNDP99-0648",9.58,972,179.8,205,4.741463415,0.014146341
"WNDP99-0650",5.68,558,0,96,5.8125,0
"WNDP99-0654",11.21,772,0,143,5.398601399,0
"WNDP99-0655",4.92,671,489.8,48,13.97916667,0.164583333
"WNDP99-0671",28.77,3410,310,618,5.517799353,0.008090615
"WNDP99-0676",15.41,1425,0,232,6.142241379,0
"WNDP99-0680",14.62,1600,0,937,1.707577375,0
"WNDP99-0683",10.57,1559,1680.2,229,6.807860262,0.118340611
"WNDP99-0685",11.01,914,0,100,9.14,0
"WNDP99-0688",19.41,2261,310,181,12.49171271,0.027624309
"WNDP99-0689",6.86,1128,440.2,165,6.836363636,0.043030303
"WNDP99-0700",19.82,3823,130.2,2587,1.477773483,0.000811751
"WNDP99-0701",18.78,1120,0,45,24.88888889,0
"WNDP99-0703",8.27,812,0,75,10.82666667,0
"WNDP99-0706",13.07,1014,0,20,50.7,0
"WNDP99-0707",19.13,1089,0,35,31.11428571,0
"WNDP99-0711",10.38,1668,310,148,11.27027027,0.033783784
"WNDP99-0712",17.74,1713,0,254,6.744094488,0
"WNDP99-0713",24.75,1949,0,145,13.44137931,0
"WNDP99-0714",12.04,864,0,52,16.61538462,0
"WNDP99-0716",8.19,725,0,181,4.005524862,0
"WNDP99-0717",15.3,1965,0,390,5.038461538,0
"WNVP99-0503",1.41,353,440.2,106,3.330188679,0.066981132
"WNVP99-0505",1.54,773,620,179,4.318435754,0.055865922
"WNVP99-0509",2.72,764,223.2,266,2.872180451,0.013533835
"WNVP99-0511",3.84,704,489.8,237,2.970464135,0.033333333
"WNVP99-0514",0.94,91,0,7,13,0
"WNVP99-0516",2.07,194,179.8,40,4.85,0.0725
"WNVP99-0518",2.19,423,440.2,99,4.272727273,0.071717172
"WNVP99-0519",1.51,271,0,26,10.42307692,0
"WNVP99-0520",1.43,1898,7080.4,25,75.92,4.568
"WNVP99-0521",2.95,501,179.8,76,6.592105263,0.038157895
"WNVP99-0522",1.23,575,223.2,50,11.5,0.072
"WNVP99-0524",1.62,1729,6107,5,345.8,19.7
"WNVP99-0555",2.35,525,0,149,3.523489933,0
"WNVP99-0556",3.36,464,0,32,14.5,0
"WNVP99-0557",1.36,123,0,77,1.597402597,0
"WNVP99-0559",4.48,285,86.8,33,8.636363636,0.042424242
"WNVP99-0561",1.43,228,396.8,38,6,0.168421053
"WNVP99-0562",5.95,836,130.2,52,16.07692308,0.040384615
"WNVP99-0566",3.61,246,130.2,114,2.157894737,0.018421053
"WNVP99-0570",0.89,576,1946.8,33,17.45454545,0.951515152
"WNVP99-0571",0.77,74,86.8,30,2.466666667,0.046666667
"WNVP99-0573",2.14,366,533.2,76,4.815789474,0.113157895
"WNVP99-0576",0.8,234,706.8,22,10.63636364,0.518181818
"WNVP99-0577",1.05,210,576.6,20,10.5,0.465
"WNVP99-0608",2.44,359,0,26,13.80769231,0
"WNVP99-0612",0.62,171,576.6,49,3.489795918,0.189795918
"WNVP99-0613",9.13,575,0,13,44.23076923,0
"WNVP99-0615",1.17,623,1816.6,18,34.61111111,1.627777778
"WNVP99-0617",0.95,127,310,8,15.875,0.625
"WNVP99-0620",1.11,1798,7173.4,18,99.88888889,6.427777778
"WNVP99-0622",1.66,364,223.2,37,9.837837838,0.097297297
"WNVP99-0626",1.18,54,0,34,1.588235294,0
"WNVP99-0627",2.82,246,0,78,3.153846154,0
"WNVP99-0628",0.62,553,2300.2,3,184.3333333,12.36666667
"WNVP99-0631",1.77,639,576.6,86,7.430232558,0.108139535
"WNVP99-0633",5.54,516,799.8,21,24.57142857,0.614285714
"WNVP99-0634",0.45,155,706.8,12,12.91666667,0.95
"WNVP99-0635",1.31,978,3806.8,10,97.8,6.14
"WNVP99-0663",1.6,450,1283.4,28,16.07142857,0.739285714
"WNVP99-0668",1.86,253,0,46,5.5,0
"WNVP99-0670",2.22,1402,0,259,5.413127413,0
"WNVP99-0672",4.86,486,179.8,224,2.169642857,0.012946429
"WNVP99-0673",2.77,168,0,79,2.126582278,0
"WNVP99-0674",1.79,118,130.2,6,19.66666667,0.35
"WNVP99-0677",1.31,225,843.2,2,112.5,6.8
"WNVP99-0679",0.65,505,1860,145,3.482758621,0.206896552
"WNVP99-0680",1.24,73,86.8,2,36.5,0.7
"WNVP99-0681",0.71,64,0,3,21.33333333,0
"WNVP99-0683",0.55,76,179.8,13,5.846153846,0.223076923
"WNVP99-0686",3.66,1089,1816.6,149,7.308724832,0.196644295
"WNVP99-0687",2.65,335,179.8,11,30.45454545,0.263636364
"WORP99-0503",0.5,55,0,2,27.5,0
"WORP99-0505",1.28,153,310,12,12.75,0.416666667
"WORP99-0508",1.29,250,663.4,9,27.77777778,1.188888889
"WORP99-0510",0.67,66,223.2,19,3.473684211,0.189473684
"WORP99-0511",0.11,11,0,35,0.314285714,0
"WORP99-0512",0.98,35,0,23,1.52173913,0
"WORP99-0514",6.28,703,0,45,15.62222222,0
"WORP99-0515",0.51,53,0,31,1.709677419,0
"WORP99-0518",2.01,166,353.4,76,2.184210526,0.075
"WORP99-0520",1.47,228,706.8,9,25.33333333,1.266666667
"WORP99-0522",1.34,211,310,25,8.44,0.2
"WORP99-0523",1.74,520,1370.2,88,5.909090909,0.251136364
"WORP99-0528",1.74,85,130.2,48,1.770833333,0.04375
"WORP99-0529",1.16,250,179.8,26,9.615384615,0.111538462
"WORP99-0530",0.64,25,0,34,0.735294118,0
"WORP99-0538",1.5,105,130.2,5,21,0.42
"WORP99-0541",1.24,78,0,9,8.666666667,0
"WORP99-0542",3.54,348,0,53,6.566037736,0
"WORP99-0547",1.52,125,0,22,5.681818182,0
"WORP99-0548",2.11,141,130.2,5,28.2,0.42
"WORP99-0551",0.75,74,0,4,18.5,0
"WORP99-0554",1.25,76,130.2,10,7.6,0.21
"WORP99-0559",0.77,39,0,37,1.054054054,0
"WORP99-0560",2.29,424,0,37,11.45945946,0
"WORP99-0605",0.62,63,179.8,6,10.5,0.483333333
"WORP99-0606",2.78,339,130.2,100,3.39,0.021
"WORP99-0607",0.45,35,0,39,0.897435897,0
"WORP99-0608",0.78,46,0,35,1.314285714,0
"WORP99-0613",1.65,164,179.8,63,2.603174603,0.046031746
"WORP99-0622",0.81,79,0,17,4.647058824,0
"WORP99-0625",1.62,191,179.8,13,14.69230769,0.223076923
"WORP99-0626",1.85,156,0,22,7.090909091,0
"WORP99-0630",2.45,260,0,7,37.14285714,0
"WORP99-0657",0.85,55,130.2,3,18.33333333,0.7
"WORP99-0659",1.4,120,310,23,5.217391304,0.217391304
"WORP99-0661",1.68,535,1060.2,6,89.16666667,2.85
"WORP99-0662",4.87,1096,1060.2,227,4.828193833,0.075330396
"WORP99-0665",2.33,133,0,153,0.869281046,0
"WORP99-0666",2.47,275,353.4,25,11,0.228
"WORP99-0667",1.79,314,266.6,7,44.85714286,0.614285714
"WORP99-0677",0.64,55,0,5,11,0
"WORP99-0685",2.91,259,0,58,4.465517241,0
"WORP99-0691",1.59,115,223.2,16,7.1875,0.225
"WORP99-0692",2.22,140,223.2,72,1.944444444,0.05
"WORP99-0698",0.95,45,0,3,15,0
"WORP99-0701",0.78,66,0,7,9.428571429,0
"WORP99-0704",2.19,95,86.8,29,3.275862069,0.048275862
"WORP99-0710",0.72,193,576.6,7,27.57142857,1.328571429
"WORP99-0721",1.63,41,0,11,3.727272727,0
"WORP99-0724",1.64,134,0,11,12.18181818,0
"WORP99-0728",3.83,459,86.8,73,6.287671233,0.019178082
"WORP99-0734",1.86,68,0,9,7.555555556,0
"WORP99-0735",1.97,645,2213.4,18,35.83333333,1.983333333
"WORP99-0739",0.87,744,3100,9,82.66666667,5.555555556
"WORP99-0740",2.47,156,0,14,11.14285714,0
"WORP99-0745",1.81,219,266.6,75,2.92,0.057333333
"WORP99-0748",2.93,346,843.2,32,10.8125,0.425
"WORP99-0762",1.59,133,0,12,11.08333333,0
"WORP99-0768",1.42,134,0,19,7.052631579,0
"WORP99-0769",1.81,76,0,22,3.454545455,0
"WORP99-0775",4.19,190,0,39,4.871794872,0
"WORP99-0780",2.3,250,130.2,18,13.88888889,0.116666667
"WORP99-0787",1.52,155,440.2,7,22.14285714,1.014285714
"WORP99-0792",1.2,166,0,52,3.192307692,0
"WORP99-0794",1.48,174,0,26,6.692307692,0
"WORP99-0800",1.61,135,130.2,4,33.75,0.525
"WORP99-0803",0.97,35,0,10,3.5,0
"WORP99-0806",1.49,124,0,5,24.8,0
"WORP99-0813",0.72,259,930,18,14.38888889,0.833333333
"WORP99-0815",2.17,292,0,20,14.6,0
"WORP99-0819",0.87,219,86.8,9,24.33333333,0.155555556
"WORP99-0821",0.64,67,223.2,6,11.16666667,0.6
"WORP99-0823",1.38,527,1636.8,40,13.175,0.66
"WORP99-0825",1.6,265,489.8,8,33.125,0.9875
"WORP99-0830",0.82,80,0,3,26.66666667,0
"WORP99-0841",1.79,211,223.2,15,14.06666667,0.24
"WORP99-0842",1.88,137,86.8,44,3.113636364,0.031818182
"WORP99-0851",0.21,24,86.8,9,2.666666667,0.155555556
"WORP99-0852",3.19,500,706.8,63,7.936507937,0.180952381
"WORP99-0854",0.84,37,0,9,4.111111111,0
"WORP99-0856",2.63,198,86.8,39,5.076923077,0.035897436
"WORP99-0860",0.88,68,86.8,4,17,0.35
"WORP99-0864",2.84,148,0,17,8.705882353,0
"WORP99-0866",1.18,108,179.8,27,4,0.107407407
"WORP99-0871",1.47,128,86.8,31,4.129032258,0.04516129
"WORP99-0877",0.94,73,86.8,18,4.055555556,0.077777778
"WORP99-0879",0.56,168,415.4,9,18.66666667,0.744444444
"WORP99-0883",1.67,102,86.8,5,20.4,0.28
"WORP99-0885",1.91,209,266.6,23,9.086956522,0.186956522
"WORP99-0888",2.25,219,117.8,25,8.76,0.076
"WORP99-0890",0.99,284,105.4,3,94.66666667,0.566666667
"WORP99-0891",0.67,176,130.2,52,3.384615385,0.040384615
"WORP99-0892",1.87,169,192.2,10,16.9,0.31
"WORP99-0893",1.13,141,266.6,19,7.421052632,0.226315789
"WORP99-0917",1.04,78,130.2,53,1.471698113,0.039622642
"WORP99-0923",2.03,220,223.2,60,3.666666667,0.06
"WORP99-0924",1.76,84,0,82,1.024390244,0
"WORP99-0928",1.45,166,0,22,7.545454545,0
"WORP99-0929",2.32,333,179.8,66,5.045454545,0.043939394
"WORP99-0931",1.4,76,0,7,10.85714286,0
"WORP99-0935",2.23,237,223.2,11,21.54545455,0.327272727
"WORP99-0937",1.04,187,130.2,50,3.74,0.042
"WORP99-0947",1.19,625,1903.4,54,11.57407407,0.568518519
"WORP99-0948",1.47,132,0,17,7.764705882,0
"WORP99-0952",1.59,128,440.2,4,32,1.775
"WORP99-0954",0.86,147,489.8,2,73.5,3.95
"WORP99-0972",2.01,354,310,30,11.8,0.166666667
"WORP99-0977",2.52,174,0,77,2.25974026,0
"WORP99-0985",1.45,171,223.2,50,3.42,0.072
"WORP99-0997",1.67,93,0,65,1.430769231,0
"WORP99-1002",1.54,126,0,15,8.4,0
"WORP99-1003",2.18,351,0,67,5.23880597,0
"WORP99-1016",0.37,53,130.2,10,5.3,0.21
"WORP99-1017",0.76,56,0,17,3.294117647,0
"WORP99-1018",0.74,158,489.8,29,5.448275862,0.272413793
"WORP99-1019",1.03,290,886.6,21,13.80952381,0.680952381
"WORP99-1021",1.21,73,0,3,24.33333333,0
"WSDP99-0501",4.26,1468,1773.2,395,3.716455696,0.072405063
"WSDP99-0502",1.92,209,353.4,20,10.45,0.285
"WSDP99-0503",9.43,771,130.2,138,5.586956522,0.015217391
"WSDP99-0505",11.16,3475,10000.6,27,128.7037037,5.974074074
"WSDP99-0506",7.19,1958,0,398,4.91959799,0
"WSDP99-0507",4.41,920,886.6,101,9.108910891,0.141584158
"WSDP99-0508",8.92,964,0,56,17.21428571,0
"WSDP99-0509",7.86,718,223.2,84,8.547619048,0.042857143
"WSDP99-0510",10.64,956,86.8,95,10.06315789,0.014736842
"WSDP99-0512",14.01,15625,0,2244,6.963012478,0
"WSDP99-0514",4.94,525,223.2,127,4.133858268,0.028346457
"WSDP99-0515",12.49,1135,0,46,24.67391304,0
"WSDP99-0516",18.05,3070,266.6,982,3.126272912,0.004378819
"WSDP99-0521",10.54,1166,266.6,150,7.773333333,0.028666667
"WSDP99-0522",3.27,1613,2393.2,430,3.751162791,0.089767442
"WSDP99-0523",6.41,779,223.2,95,8.2,0.037894737
"WSDP99-0525",7.93,1609,0,371,4.336927224,0
"WSDP99-0526",9.79,947,0,195,4.856410256,0
"WSDP99-0527",7.88,1016,0,55,18.47272727,0
"WSDP99-0533",6.16,2728,6950.2,291,9.374570447,0.385223368
"WSDP99-0540",2.68,443,663.4,21,21.0952381,0.50952381
"WSDP99-0541",5.02,1735,2126.6,462,3.755411255,0.074242424
"WSDP99-0543",4.66,444,0,52,8.538461538,0
"WSDP99-0544",5.24,1748,4203.6,110,15.89090909,0.616363636
"WSDP99-0546",8.99,1186,0,90,13.17777778,0
"WSDP99-0548",3.16,581,0,425,1.367058824,0
"WSDP99-0579",5.09,783,0,240,3.2625,0
"WSDP99-0580",2.68,144,0,26,5.538461538,0
"WSDP99-0581",8.02,1034,0,190,5.442105263,0
"WSDP99-0582",11.64,1273,0,54,23.57407407,0
"WSDP99-0585",3.29,251,223.2,14,17.92857143,0.257142857
"WSDP99-0586",2.8,246,0,16,15.375,0
"WSDP99-0587",7.62,719,663.4,333,2.159159159,0.032132132
"WSDP99-0588",7.38,1021,576.6,278,3.672661871,0.033453237
"WSDP99-0589",12.66,3295,266.6,656,5.022865854,0.006554878
"WSDP99-0590",6.27,1308,179.8,328,3.987804878,0.008841463
"WSDP99-0593",6.39,353,0,34,10.38235294,0
"WSDP99-0594",15.36,1289,130.2,35,36.82857143,0.06
"WSDP99-0596",5.91,453,0,47,9.638297872,0
"WSDP99-0599",5.43,556,223.2,51,10.90196078,0.070588235
"WSDP99-0602",4.1,654,886.6,66,9.909090909,0.216666667
"WSDP99-0603",20.99,1810,86.8,751,2.41011984,0.001864181
"WSDP99-0604",1.3,134,0,7,19.14285714,0
"WSDP99-0605",11.6,2028,930,561,3.614973262,0.026737968
"WSDP99-0657",3.74,268,0,14,19.14285714,0
"WSDP99-0658",5.27,750,0,1091,0.687442713,0
"WSDP99-0660",10.18,1973,0,244,8.086065574,0
"WSDP99-0664",8.45,693,0,90,7.7,0
"WSDP99-0665",9.7,1139,310,151,7.543046358,0.033112583
"WSDP99-0666",4.86,1831,0,62,29.53225806,0
"WSDP99-0667",4.93,901,396.8,148,6.087837838,0.043243243
"WSDP99-0669",10.59,866,0,113,7.663716814,0
"WSDP99-0670",6.46,613,489.8,86,7.127906977,0.091860465
"WSDP99-0672",9.06,803,0,48,16.72916667,0
"WSDP99-0674",17.5,9481,0,964,9.835062241,0
"WSDP99-0678",2.5,799,0,256,3.12109375,0
"WSDP99-0679",3.56,2459,0,152,16.17763158,0
"WSDP99-0681",9.21,1503,0,201,7.47761194,0
"WSDP99-0695",2.81,734,756.4,22,33.36363636,0.554545455
"WSDP99-0696",2.19,1041,1903.4,232,4.487068966,0.132327586
"WSDP99-0697",3.28,415,0,55,7.545454545,0
"WSDP99-0698",13.23,949,179.8,37,25.64864865,0.078378378
"WUTP99-0501",1.24,274,440.2,11,24.90909091,0.645454545
"WUTP99-0505",3.88,1055,353.4,64,16.484375,0.0890625
"WUTP99-0507",1.23,225,620,2,112.5,5
"WUTP99-0512",2.21,579,1593.4,19,30.47368421,1.352631579
"WUTP99-0514",1.68,146,0,3,48.66666667,0
"WUTP99-0516",1.07,316,799.8,23,13.73913043,0.560869565
"WUTP99-0517",1.19,131,130.2,13,10.07692308,0.161538462
"WUTP99-0518",2.94,185,130.2,139,1.330935252,0.015107914
"WUTP99-0521",2.11,140,266.6,3,46.66666667,1.433333333
"WUTP99-0542",3.6,286,0,9,31.77777778,0
"WUTP99-0543",6.03,1383,4203.6,105,13.17142857,0.645714286
"WUTP99-0548",2.64,433,223.2,113,3.831858407,0.031858407
"WUTP99-0559",1.58,219,0,66,3.318181818,0
"WUTP99-0561",1.3,103,0,4,25.75,0
"WUTP99-0562",1.07,249,886.6,1,249,14.3
"WUTP99-0563",1.97,824,1636.8,31,26.58064516,0.851612903
"WUTP99-0565",2.45,6381,29877.8,28,227.8928571,17.21071429
"WUTP99-0586",2.22,541,1060.2,70,7.728571429,0.244285714
"WUTP99-0590",0.9,129,310,4,32.25,1.25
"WUTP99-0591",4.43,191,130.2,73,2.616438356,0.028767123
"WUTP99-0594",2.73,293,266.6,59,4.966101695,0.072881356
"WUTP99-0597",2.65,293,179.8,119,2.462184874,0.024369748
"WUTP99-0598",1.36,91,223.2,2,45.5,1.8
"WUTP99-0602",2.45,181,310,9,20.11111111,0.555555556
"WUTP99-0604",0.81,391,1060.2,25,15.64,0.684
"WUTP99-0605",1.89,605,1816.6,5,121,5.86
"WUTP99-0620",4.32,313,0,76,4.118421053,0
"WUTP99-0629",1.38,179,353.4,4,44.75,1.425
"WUTP99-0664",5.66,915,483.6,203,4.507389163,0.038423645
"WUTP99-0665",2.24,459,254.2,84,5.464285714,0.048809524
"WUTP99-0668",1.82,108,0,3,36,0
"WUTP99-0670",6.84,679,0,94,7.223404255,0
"WUTP99-0677",1.93,2784,4935.2,1707,1.630931459,0.046631517
"WUTP99-0692",1.82,863,0,282,3.060283688,0
"WUTP99-0693",2.81,504,837,97,5.195876289,0.139175258
"WUTP99-0694",1.64,456,855.6,8,57,1.725
"WUTP99-0695",3.01,2251,713,593,3.795952782,0.019392917
"WUTP99-0696",7.01,1478,0,1965,0.75216285,0
"WUTP99-0698",1.1,811,2709.4,26,31.19230769,1.680769231
"WUTP99-0721",4.61,505,179.8,103,4.902912621,0.02815534
"WUTP99-0723",1.13,123,130.2,2,61.5,1.05
"WUTP99-0725",3.27,124,0,97,1.278350515,0
"WUTP99-0728",1.65,165,0,17,9.705882353,0
"WUTP99-0731",1.22,249,533.2,53,4.698113208,0.162264151
"WUTP99-0732",1.37,165,179.8,10,16.5,0.29
"WUTP99-0733",0.92,383,1283.4,2,191.5,10.35
"WUTP99-0734",7.83,1224,533.2,158,7.746835443,0.05443038
"WUTP99-0735",3.27,1794,3986.6,88,20.38636364,0.730681818
"WUTP99-0737",4.39,963,0,191,5.041884817,0
"WUTP99-0738",1.31,648,2126.6,15,43.2,2.286666667
"WWAP99-0501",0.7,33,130.2,18,1.833333333,0.116666667
"WWAP99-0502",1.82,163,223.2,32,5.09375,0.1125
"WWAP99-0504",1.54,63,179.8,4,15.75,0.725
"WWAP99-0507",1.25,133,266.6,34,3.911764706,0.126470588
"WWAP99-0508",0.66,43,130.2,10,4.3,0.21
"WWAP99-0509",2.89,89,130.2,1,89,2.1
"WWAP99-0512",1.25,150,440.2,47,3.191489362,0.15106383
"WWAP99-0513",2.51,228,396.8,17,13.41176471,0.376470588
"WWAP99-0515",1.26,326,930,13,25.07692308,1.153846154
"WWAP99-0516",3.2,133,179.8,4,33.25,0.725
"WWAP99-0517",4.11,201,130.2,27,7.444444444,0.077777778
"WWAP99-0520",0.44,90,396.8,2,45,3.2
"WWAP99-0521",2.73,229,223.2,16,14.3125,0.225
"WWAP99-0522",1.34,86,179.8,51,1.68627451,0.056862745
"WWAP99-0524",0.96,36,0,3,12,0
"WWAP99-0526",0.72,49,86.8,1,49,1.4
"WWAP99-0527",0.96,51,179.8,1,51,2.9
"WWAP99-0529",0.63,50,223.2,2,25,1.8
"WWAP99-0531",0.83,38,86.8,1,38,1.4
"WWAP99-0532",0.62,66,179.8,1,66,2.9
"WWAP99-0534",0.59,21,99.2,1,21,1.6
"WWAP99-0535",0.34,39,130.2,2,19.5,1.05
"WWAP99-0538",0.71,64,179.8,2,32,1.45
"WWAP99-0541",0.72,53,130.2,1,53,2.1
"WWAP99-0542",0.57,75,0,5,15,0
"WWAP99-0546",0.96,55,130.2,1,55,2.1
"WWAP99-0560",0.9,95,310,2,47.5,2.5
"WWAP99-0563",0.51,118,440.2,0,NA,NA
"WWAP99-0566",0.57,46,179.8,0,NA,NA
"WWAP99-0568",1.69,109,130.2,25,4.36,0.084
"WWAP99-0593",0.77,143,440.2,44,3.25,0.161363636
"WWAP99-0595",0.54,29,0,1,29,0
"WWAP99-0598",1.38,144,396.8,22,6.545454545,0.290909091
"WWAP99-0602",1.08,43,130.2,2,21.5,1.05
"WWAP99-0604",0.76,80,353.4,5,16,1.14
"WWAP99-0608",3.3,300,1016.8,13,23.07692308,1.261538462
"WWAP99-0611",0.6,15,0,3,5,0
"WWAP99-0612",0.66,23,0,1,23,0
"WWAP99-0614",1.03,120,223.2,26,4.615384615,0.138461538
"WWAP99-0617",1.6,83,179.8,12,6.916666667,0.241666667
"WWAP99-0618",0.74,60,0,2,30,0
"WWAP99-0622",0.57,84,223.2,4,21,0.9
"WWAP99-0630",0.79,38,86.8,0,NA,NA
"WWAP99-0632",0.2,79,266.6,1,79,4.3
"WWAP99-0633",1.07,45,0,1,45,0
"WWAP99-0635",0.9,45,0,2,22.5,0
"WWAP99-0636",0.96,79,179.8,3,26.33333333,0.966666667
"WWAP99-0637",0.5,35,86.8,2,17.5,0.7
"WWAP99-0639",1.47,100,310,7,14.28571429,0.714285714
"WWAP99-0640",1.59,79,223.2,56,1.410714286,0.064285714
"WWAP99-0641",0.85,65,223.2,29,2.24137931,0.124137931
"WWAP99-0642",0.5,28,0,9,3.111111111,0
"WWAP99-0676",0.51,46,179.8,3,15.33333333,0.966666667
"WWAP99-0677",0.27,24,105.4,1,24,1.7
"WWAP99-0681",1.58,5541,22344.8,33,167.9090909,10.92121212
"WWAP99-0682",0.32,28,0,0,NA,NA
"WWAP99-0688",0.82,64,0,8,8,0
"WWAP99-0689",0.36,384,1593.4,3,128,8.566666667
"WWAP99-0692",3.8,1242,4867,7,177.4285714,11.21428571
"WWAP99-0695",1.72,50,0,4,12.5,0
"WWAP99-0697",0.82,47,86.8,4,11.75,0.35
"WWAP99-0700",0.67,41,86.8,4,10.25,0.35
"WWAP99-0701",1.02,80,223.2,4,20,0.9
"WWAP99-0702",1.41,40,0,5,8,0
"WWAP99-0704",0.37,18,155,2,9,1.25
"WWAP99-0705",0.39,88,396.8,1,88,6.4
"WWAP99-0706",1.49,87,0,21,4.142857143,0
"WWAP99-0712",0.92,34,130.2,3,11.33333333,0.7
"WWAP99-0713",0.37,35,248,1,35,4
"WWAP99-0714",0.79,43,0,2,21.5,0
"WWAP99-0716",1.03,99,179.8,9,11,0.322222222
"WWAP99-0719",0.88,66,210.8,9,7.333333333,0.377777778
"WWAP99-0720",3.86,210,310,37,5.675675676,0.135135135
"WWAP99-0721",1.46,73,192.2,16,4.5625,0.19375
"WWAP99-0722",1.55,2004,7285,86,23.30232558,1.36627907
"WWAP99-0729",0.85,33,86.8,8,4.125,0.175
"WWAP99-0730",0.75,46,0,3,15.33333333,0
"WWAP99-0732",6.3,85,86.8,10,8.5,0.14
"WWAP99-0733",0.75,44,111.6,1,44,1.8
"WWAP99-0735",0.39,47,223.2,1,47,3.6
"WWAP99-0736",0.52,55,266.6,1,55,4.3
"WWAP99-0765",1.13,54,0,4,13.5,0
"WWAP99-0766",0.91,82,179.8,1,82,2.9
"WWAP99-0768",0.89,43,130.2,1,43,2.1
"WWAP99-0770",1.08,46,0,9,5.111111111,0
"WWAP99-0772",0.98,88,223.2,1,88,3.6
"WWAP99-0776",0.44,46,130.2,1,46,2.1
"WWAP99-0777",0.76,66,179.8,2,33,1.45
"WWAP99-0778",2.69,173,0,31,5.580645161,0
"WWAP99-0780",0.37,25,130.2,0,NA,NA
"WWYP99-0501",1.11,115,223.2,50,2.3,0.072
"WWYP99-0504",2.01,228,0,74,3.081081081,0
"WWYP99-0506",1.6,135,0,4,33.75,0
"WWYP99-0508",2.46,173,130.2,20,8.65,0.105
"WWYP99-0509",2.45,270,310,65,4.153846154,0.076923077
"WWYP99-0511",0.28,184,750.2,4,46,3.025
"WWYP99-0513",0.97,70,0,10,7,0
"WWYP99-0515",3.33,238,0,14,17,0
"WWYP99-0516",2.14,125,0,3,41.66666667,0
"WWYP99-0524",0.78,319,0,48,6.645833333,0
"WWYP99-0525",1.99,390,0,25,15.6,0
"WWYP99-0526",0.93,65,179.8,73,0.890410959,0.039726027
"WWYP99-0530",6.24,424,353.4,98,4.326530612,0.058163265
"WWYP99-0531",4.32,569,179.8,14,40.64285714,0.207142857
"WWYP99-0533",1.47,174,396.8,32,5.4375,0.2
"WWYP99-0535",6.13,721,930,81,8.901234568,0.185185185
"WWYP99-0537",0.75,39,0,19,2.052631579,0
"WWYP99-0538",2.92,180,0,18,10,0
"WWYP99-0540",1.92,115,0,3,38.33333333,0
"WWYP99-0553",1.38,131,266.6,22,5.954545455,0.195454545
"WWYP99-0556",1.01,66,0,5,13.2,0
"WWYP99-0582",1.24,98,223.2,3,32.66666667,1.2
"WWYP99-0585",1.02,76,179.8,2,38,1.45
"WWYP99-0586",2.5,148,130.2,5,29.6,0.42
"WWYP99-0587",1.77,353,843.2,4,88.25,3.4
"WWYP99-0589",3.93,296,0,25,11.84,0
"WWYP99-0590",1.19,361,1060.2,21,17.19047619,0.814285714
"WWYP99-0591",0.75,50,130.2,3,16.66666667,0.7
"WWYP99-0592",1.26,78,0,11,7.090909091,0
"WWYP99-0594",1.21,38,0,72,0.527777778,0
"WWYP99-0598",2.52,343,0,41,8.365853659,0
"WWYP99-0599",1.43,119,223.2,32,3.71875,0.1125
"WWYP99-0600",1.27,531,1593.4,23,23.08695652,1.117391304
"WWYP99-0603",1.5,95,0,36,2.638888889,0
"WWYP99-0604",8.64,691,0,83,8.325301205,0
"WWYP99-0605",4.22,296,266.6,79,3.746835443,0.05443038
"WWYP99-0606",5.72,18775,75602.8,2549,7.365633582,0.47838368
"WWYP99-0607",1.07,109,223.2,20,5.45,0.18
"WWYP99-0608",2.87,125,0,32,3.90625,0
"WWYP99-0609",2.48,149,0,16,9.3125,0
"WWYP99-0610",2.37,209,0,7,29.85714286,0
"WWYP99-0612",0.9,115,179.8,3,38.33333333,0.966666667
"WWYP99-0613",2.54,121,0,10,12.1,0
"WWYP99-0614",1.48,141,223.2,7,20.14285714,0.514285714
"WWYP99-0615",1.43,113,0,89,1.269662921,0
"WWYP99-0616",1.28,79,130.2,2,39.5,1.05
"WWYP99-0651",0.77,181,353.4,9,20.11111111,0.633333333
"WWYP99-0652",3.52,1735,6330.2,6,289.1666667,17.01666667
"WWYP99-0653",1.24,395,930,5,79,3
"WWYP99-0655",1.74,182,86.8,30,6.066666667,0.046666667
"WWYP99-0656",1.24,137,130.2,3,45.66666667,0.7
"WWYP99-0657",0.91,131,130.2,3,43.66666667,0.7
"WWYP99-0659",0.91,351,1240,26,13.5,0.769230769
"WWYP99-0660",4.43,401,86.8,56,7.160714286,0.025
"WWYP99-0661",3.13,419,130.2,143,2.93006993,0.014685315
"WWYP99-0662",1.49,158,0,14,11.28571429,0
"WWYP99-0665",3.24,338,86.8,29,11.65517241,0.048275862
"WWYP99-0669",2.18,104,179.8,1,104,2.9
"WWYP99-0670",1.61,189,0,75,2.52,0
"WWYP99-0671",10.26,1494,1060.2,191,7.821989529,0.089528796
"WWYP99-0707",2.05,109,0,3,36.33333333,0
"WWYP99-0708",4.53,305,0,16,19.0625,0
"WWYP99-0710",1.43,125,130.2,26,4.807692308,0.080769231
"WWYP99-0713",3.69,229,0,9,25.44444444,0
"WWYP99-0715",0.68,476,1680.2,63,7.555555556,0.43015873
"WWYP99-0716",2.29,198,0,8,24.75,0
"WWYP99-0717",1.24,679,1990.2,35,19.4,0.917142857
"WWYP99-0719",3.16,258,0,136,1.897058824,0
"WWYP99-0720",3.55,425,0,92,4.619565217,0
"WWYP99-0721",1.16,68,0,12,5.666666667,0
"WWYP99-0722",8.25,856,396.8,39,21.94871795,0.164102564
